x,y,HCP2.3f30000h1,HCP4.2f30000h1,HCP6.7f10000h1
0,0,18.59,15.54,22.92
0.1,0,18.73,15.3,23.54
0.2,0,18.72,15.62,23.49
0.3,0,19.05,16.09,24.15
0.4,0,18.99,16.02,24.02
0.5,0,18.93,15.85,23.57
0.6,0,18.52,15.34,22.68
0.7,0,18.87,15.83,23.28
0.8,0,18.43,15.36,20.43
0.9,0,18.5,15.77,25.63
1,0,18.66,15.58,22.12
1.1,0,18.35,15.48,23.59
1.2,0,18.47,15.74,23.2
1.3,0,18.45,16.05,23.61
1.4,0,18.9,17.1,26.44
1.5,0,19.3,17.69,27.13
1.6,0,18.7,16.63,25.72
1.7,0,19,17.22,26.99
1.8,0,19.42,17.21,25.76
1.9,0,19.19,17.15,24.93
2,0,19.72,17.65,25.84
2.1,0,20.31,19.08,27.87
2.2,0,20.43,19.26,28.74
2.3,0,23.62,19.87,29.51
2.4,0,26.73,22.31,30.9
2.5,0,27.13,22.13,30.43
2.6,0,26.83,21.91,29.7
2.7,0,27.12,21.95,28.72
2.8,0,27.41,21.83,29.2
2.9,0,27.55,21.79,28.4
3,0,28.96,23.16,28.37
3.1,0,30.82,25.76,31.01
3.2,0,31.18,26.48,31
3.3,0,31.44,27.76,32.99
3.4,0,31.12,28.15,33.5
3.5,0,29.28,25.68,30.1
3.6,0,29.58,26.88,32.7
3.7,0,29.74,27.25,33.52
3.8,0,28.8,26.77,32.43
3.9,0,25.17,22.43,25.8
4,0,26.07,24.6,28.1
4.1,0,26.97,26.36,30.97
4.2,0,27.36,27.56,32.22
4.3,0,27.92,28.2,33.81
4.4,0,28.68,28.8,34.55
4.5,0,29.17,30.11,35.07
4.6,0,29.39,30.01,35.26
4.7,0,28.95,30.29,36.42
4.8,0,28.24,29.76,35.8
4.9,0,25.98,26.72,31.84
5,0,23.67,24.95,30.2
5.1,0,24.24,26.03,32.37
5.2,0,24.24,26.71,33.58
5.3,0,23.17,25.86,32.8
5.4,0,22.84,26.17,33.38
5.5,0,21.14,24.24,31.16
5.6,0,19.41,21.59,27.44
5.7,0,20.25,22.54,28.68
5.8,0,21.44,23.41,30.01
5.9,0,21.29,23.63,30.03
6,0,20.66,23.25,29.52
6.1,0,20.53,22.95,28.97
6.2,0,20.31,22.16,28.17
6.3,0,19.93,21.8,27.67
6.4,0,20.34,21.79,28.08
6.5,0,20.08,21.24,27.15
6.6,0,19.39,20.38,25.12
6.7,0,19.62,19.92,24.55
6.8,0,19.75,19.17,23.37
6.9,0,18.49,17.89,21.26
7,0,17.97,18.6,21.58
7.1,0,19.48,20.56,25.56
7.2,0,21.81,22.47,27.54
7.3,0,23.59,23.22,28.27
7.4,0,24.09,23.14,28.54
7.5,0,23.98,23.72,29.05
7.6,0,23.55,23.57,30.09
7.7,0,23.81,23.71,30.3
7.8,0,24.04,23.75,29.25
7.9,0,24.45,23.66,28.77
8,0,24.84,23.79,32
8.1,0,24.73,23.49,29.43
8.2,0,24.75,23.63,26.76
8.3,0,24.8,23.68,28.63
8.4,0,25.05,23.95,26.63
8.5,0,24.96,23.53,28.89
8.6,0,24.67,22.9,28.04
8.7,0,25.07,23.44,29.26
8.8,0,25.14,23.55,29.6
8.9,0,25.26,23.49,28.92
9,0,25.54,23.83,29.69
9.1,0,24.67,23.33,28.44
9.2,0,23.71,23.56,29.4
9.3,0,23.32,23.42,29.93
9.4,0,24.46,23.54,29.4
9.5,0,25.03,23.55,28.21
9.6,0,25.45,23.78,30.51
9.7,0,25.64,23.73,30.55
9.8,0,25.59,23.79,30.41
9.9,0,25.52,23.94,29.25
10,0,25.62,23.9,30.6
10.1,0,25.37,23.46,29.59
10.2,0,25.31,23.68,29.16
10.3,0,25.3,23.41,29.08
10.4,0,25.52,23.8,29.49
10.5,0,24.92,23.59,28.6
10.6,0,25.02,23.83,29.56
10.7,0,24.13,23.41,29.45
10.8,0,24.01,23.55,29.19
10.9,0,23.5,23.41,28.62
11,0,23.03,23.31,29.45
11.1,0,22.61,22.31,28.1
11.2,0,21.53,21.27,26.21
11.3,0,20.12,20.16,14.21
11.4,0,18.79,19.07,20.27
11.5,0,16.27,18.33,33.63
11.6,0,15.21,17.91,22.41
11.7,0,13.94,17.08,22.71
11.8,0,14.49,16.72,17.16
11.9,0,15.64,16.98,15.86
12,0,14.15,16.31,20.03
12.1,0,9,14.57,16.07
12.2,0,8.83,14.49,16.22
12.3,0,11.24,14.61,17.38
12.4,0,12.68,14.92,18.71
12.5,0,13.05,14.76,17.84
12.6,0,13.82,14.75,17.61
12.7,0,13.39,14.6,17.39
12.8,0,12.5,14.07,17.31
12.9,0,12.52,13.72,16.98
13,0,12.67,13.52,16.7
13.1,0,13.17,13.96,16.79
13.2,0,13.34,14.03,16.33
13.3,0,12.61,13.3,15.37
13.4,0,11.16,12.64,15.08
13.5,0,9.84,12.17,14.8
13.6,0,10.52,12.44,14.87
13.7,0,10.64,12.49,14.32
13.8,0,11.58,12.32,14.32
13.9,0,12,12.04,13.63
14,0,12.44,11.98,13.6
14.1,0,10.32,11.75,13.58
14.2,0,7.18,10.66,13.01
14.3,0,8.77,11.16,13.4
14.4,0,9.23,11.16,12.86
14.5,0,10.3,10.76,12.25
14.6,0,12.29,11.57,12.89
14.7,0,9.74,10.88,12.52
14.8,0,7.79,10.58,11.94
14.9,0,8.24,10.75,12.25
15,0,8.2,10.19,11.93
15.1,0,9.86,10.65,11.93
15.2,0,11.16,11.03,12.25
15.3,0,7.19,10.02,12.04
15.4,0,5.68,9.84,11.78
15.5,0,7.23,9.91,11.07
15.6,0,7.85,10.16,11.71
15.7,0,10.67,10.46,11.76
15.8,0,10.74,10.3,11.46
15.9,0,6.83,9.46,10.72
16,0,5.08,9.06,10.69
16.1,0,7.49,9.95,11.25
16.2,0,10.03,10.85,12.16
16.3,0,10.73,10.82,12.05
16.4,0,10.65,10.17,11.46
16.5,0,8.44,9.53,10.86
16.6,0,6.18,8.93,10.64
16.7,0,7.25,9.55,10.79
16.8,0,6.91,9.27,10.68
16.9,0,7.18,9.28,11.13
17,0,8.4,9.58,10.64
17.1,0,7.83,9.56,10.6
17.2,0,6.06,9.21,11
17.3,0,5.29,8.53,10.36
17.4,0,5.31,8.66,10.46
17.5,0,7.3,9.1,10.39
17.6,0,7.75,9.47,10.73
17.7,0,7.49,9.36,10.65
17.8,0,5.79,9.18,10.83
17.9,0,5.84,9.33,11.2
18,0,4.98,7.55,8.39
18.1,0,6.68,9.2,10.41
18.2,0,8.3,9.28,10.91
18.3,0,9.64,9.67,10.93
18.4,0,9.31,9.84,11.07
18.5,0,7.24,9.42,10.82
18.6,0,7.32,9.08,10.43
18.7,0,7.21,9.08,10.66
18.8,0,8.62,9.47,11.33
18.9,0,10.48,9.68,10.97
19,0,9.44,9.96,11.78
19.1,0,2.53,7.86,10.47
19.2,0,0.03,7.37,10.43
19.3,0,0.5,7.46,10.37
19.4,0,2.41,7.9,10.72
19.5,0,7.05,8.62,10.54
19.6,0,9.64,9.64,11.26
19.7,0,6.71,9.45,11.54
19.8,0,6.04,9.15,10.91
19.9,0,7.08,9.59,11.58
20,0,5.77,8.84,11.46
20.1,0,9.44,9.83,11.61
20.2,0,11.39,10.42,12.05
20.3,0,9.15,10.35,12.08
20.4,0,8.39,9.83,11.38
20.5,0,8.73,10.3,11.95
20.6,0,8.05,9.97,12.04
20.7,0,10.96,10.91,12.28
20.8,0,12.26,11.44,13.06
20.9,0,9.58,10.77,12.28
21,0,8.22,10.66,12.62
21.1,0,8.18,10.49,12.56
21.2,0,6.5,9.48,11.62
21.3,0,10.27,10.47,11.69
21.4,0,11.63,11.06,12.28
21.5,0,9.82,10.97,12.9
21.6,0,9.37,10.52,12.52
21.7,0,7.53,10.05,12.28
21.8,0,7.86,10.18,12.4
21.9,0,10.56,10.97,12.79
22,0,10.06,10.93,12.41
22.1,0,4.23,9.46,11.72
22.2,0,5.3,9.9,12.57
22.3,0,4.48,9.48,12
22.4,0,4.97,9.64,12.13
22.5,0,9.97,10.94,13.13
22.6,0,11,10.99,12.67
22.7,0,9.05,10.66,12.49
22.8,0,9.27,11.2,12.97
22.9,0,8.69,11.44,13.85
23,0,8.24,10.66,12.9
23.1,0,10.5,11.53,14.15
23.2,0,11.45,11.77,13.7
23.3,0,9.21,11.33,13.32
23.4,0,8.38,11.13,13.36
23.5,0,7.49,10.85,13.78
23.6,0,7.42,10.63,13.55
23.7,0,11.68,11.9,14.32
23.8,0,13.54,12.68,15.1
23.9,0,9.6,11.85,14.85
24,0,5.15,10.95,14.34
24.1,0,4.28,10.56,14.11
24.2,0,7.51,11.07,14.36
24.3,0,12.73,12.42,14.69
24.4,0,14.04,12.72,14.65
24.5,0,10.04,11.86,14.27
24.6,0,8.97,12.16,15.05
24.7,0,9.57,12.25,14.86
24.8,0,11.76,12.38,14.49
24.9,0,13.77,13.07,15.21
25,0,12.43,13.34,15.68
25.1,0,11.05,13.36,15.66
25.2,0,11.85,13.41,15.3
25.3,0,13.49,13.08,15.1
25.4,0,14.78,13.93,16.22
25.5,0,12.81,12.96,15.01
25.6,0,9.99,12.53,14.97
25.7,0,5.47,11.04,14.13
25.8,0,8.53,10.72,13.55
25.9,0,7.84,10.17,13.31
26,0,4.45,9.7,12.86
26.1,0,5.48,10.51,13.08
26.2,0,6.36,11.07,14.02
26.3,0,8.57,10.96,13.48
26.4,0,13.77,11.91,13.43
26.5,0,12.53,11.38,12.49
26.6,0,4.53,10.16,13.46
26.7,0,4.64,10.48,13.25
26.8,0,6.48,10.28,12.59
26.9,0,9.98,10.85,12.82
27,0,13.7,11.95,13.66
27.1,0,10.36,10.73,12.49
27.2,0,3.9,10,13.28
27.3,0,7.74,10.62,12.9
27.4,0,9.49,10.78,12.37
27.5,0,11.84,10.92,11.88
27.6,0,11.57,11.05,12.19
27.7,0,7.48,10.85,13.3
27.8,0,9.37,10.75,12.14
27.9,0,10.26,11.07,12.73
28,0,12.12,11.66,13.22
28.1,0,12.53,11.41,12.61
28.2,0,7.82,10.33,12.51
28.3,0,5.61,9.71,12.12
28.4,0,7.34,9.76,11.58
28.5,0,10.75,10.32,11.8
28.6,0,10.77,10.08,10.77
28.7,0,6.5,8.79,9.97
28.8,0,6.06,9.8,12.18
28.9,0,6.61,9.85,12.48
29,0,9.67,10.77,12.61
29.1,0,11.47,10.72,12.6
29.2,0,9.43,10.63,12.21
29.3,0,8.35,10.34,12.21
29.4,0,7.04,10.1,12.32
29.5,0,8.15,10.16,12.11
29.6,0,10.86,10.42,11.86
29.7,0,8.74,10.7,12.86
29.8,0,5.08,9.8,12.51
29.9,0,5.5,9.62,12.75
30,0,6.38,9.52,12.04
30.1,0,10.87,10.79,12.39
30.2,0,9.41,11,13.12
30.3,0,5,10.03,12.99
30.4,0,6.74,10.65,13.62
30.5,0,6.81,10.36,13.2
30.6,0,11.08,11.41,13.49
30.7,0,11.24,11.54,13.75
30.8,0,8.91,11.09,13.51
30.9,0,10.19,11.41,13.76
31,0,9.94,11.66,14.32
31.1,0,9.29,11.3,13.78
31.2,0,10.02,11.15,13.38
31.3,0,8.55,11.47,14.31
31.4,0,7.38,11.11,13.81
31.5,0,7.29,11.04,13.81
31.6,0,7.7,11.34,13.79
31.7,0,10.42,11.58,13.85
31.8,0,10.19,11.8,14.1
31.9,0,8.93,11.44,13.91
32,0,7.31,11.18,14.25
32.1,0,9.43,11.87,14.51
32.2,0,10.37,11.68,13.99
32.3,0,8.57,11.41,13.99
32.4,0,4.77,9.7,11.02
32.5,0,7.3,11.18,13.65
32.6,0,6.98,10.9,13.8
32.7,0,8.66,11.19,14.09
32.8,0,7.6,10.73,13.72
32.9,0,5.29,10.45,13.41
33,0,6.27,10.63,13.12
33.1,0,7.07,10.72,13.25
33.2,0,9.78,11.5,14.16
33.3,0,7.08,10.51,13.06
33.4,0,6.23,11.01,13.85
33.5,0,7.41,11.04,13.75
33.6,0,8.44,11.21,13.79
33.7,0,11.65,11.97,14.17
33.8,0,5.83,10.74,13.84
33.9,0,1.68,9.66,13
34,0,5.12,10.3,13.31
34.1,0,5.97,10.64,13.65
34.2,0,10.64,11.93,14.29
34.3,0,5.46,10.6,14.28
34.4,0,-6.2,7.95,13.04
34.5,0,-1.93,9.24,13.65
34.6,0,2.79,10.15,13.8
34.7,0,9.94,11.48,14
34.8,0,13.55,12.71,14.97
34.9,0,-4.31,8.08,12.94
35,0,-13.06,6.24,11.94
35.1,0,-5.83,7.5,12.16
35.2,0,0.56,8.92,13.21
35.3,0,6.07,10.15,13.69
35.4,0,5.55,10.2,13.72
35.5,0,-3.99,8.48,12.97
35.6,0,-4.33,7.8,12.16
35.7,0,2.34,9.38,12.65
35.8,0,9.25,11.32,14.19
35.9,0,9.79,11.64,14.14
36,0,4.4,10.61,13.67
36.1,0,-3.55,8.81,13.27
36.2,0,-3.89,8.7,13.02
36.3,0,8.53,11.57,14.19
36.4,0,8.67,11.19,14.1
36.5,0,6.47,11.4,14.84
36.6,0,-0.83,9.92,14.08
36.7,0,1.83,10.01,13.42
36.8,0,8.31,11.59,14.72
36.9,0,12.74,12.72,15.23
37,0,13.67,13.17,15.42
37.1,0,7.58,11.86,15.46
37.2,0,-0.75,10.21,14.96
37.3,0,-3.24,9.46,14.52
37.4,0,3.9,10.11,13.56
37.5,0,9.56,11.88,14.88
37.6,0,9.31,12.06,15.12
37.7,0,1.25,10.68,14.91
37.8,0,0.17,10.75,15.12
37.9,0,4.42,11.31,14.95
38,0,9.74,12.11,15.18
38.1,0,11.76,13.12,15.85
38.2,0,7.14,12.16,15.27
38.3,0,2.92,10.93,14.45
38.4,0,-0.23,10.13,14.4
38.5,0,7.07,11.52,14.5
38.6,0,14.34,13.85,16.08
38.7,0,10.68,12.55,15.4
38.8,0,4.75,11.82,15.17
38.9,0,4.26,11.86,14.98
39,0,4.02,11.29,15.18
39.1,0,12.72,13.32,15.81
39.2,0,14,13.4,15.21
39.3,0,5.85,11.95,15.16
39.4,0,1.39,11.2,15.2
39.5,0,-3.47,9.63,14.34
39.6,0,2.27,10.92,15
39.7,0,14.27,13.97,16.32
39.8,0,10.89,13.28,15.75
39.9,0,2.38,11.21,14.94
40,0,4.29,11.96,15.6
40.1,0,0.28,10.75,15.2
40.2,0,8,12.26,15.56
40.3,0,15.76,14.04,15.95
40.4,0,4.86,11.46,14.72
40.5,0,-1.19,10.95,15.09
40.6,0,4.7,12.27,15.75
40.7,0,4.94,12.21,16.35
40.8,0,11.61,13.67,16.45
40.9,0,9.17,12.68,15.43
41,0,-4.31,10.46,14.95
41.1,0,0.55,12.23,16.76
41.2,0,3.83,12.18,16.17
41.3,0,7.86,12.5,15.99
41.4,0,14.23,13.75,16.18
41.5,0,8.12,13.15,16.69
41.6,0,5.46,13.02,16.88
41.7,0,11,14.47,17.99
41.8,0,12.52,14.61,18.39
41.9,0,15.61,15.16,18.22
42,0,13.81,14.5,17.48
42.1,0,10.22,13.93,17.08
42.2,0,10.27,14.1,17.96
42.3,0,10.26,13.86,17.58
42.4,0,12.18,13.96,17.43
42.5,0,13.94,14.97,17.8
42.6,0,11.79,14.42,18.16
42.7,0,9.34,13.76,18.27
42.8,0,9.88,13.53,17.66
42.9,0,10.44,14.21,19
43,0,11.52,13.98,18.11
43.1,0,13.56,14.29,17.96
43.2,0,12.96,14.61,18.93
43.3,0,9.42,13.46,18.11
43.4,0,8.78,13.38,17.83
43.5,0,9.22,13.52,17.97
43.6,0,10.15,13.85,18.5
43.7,0,12.43,14.52,18.86
43.8,0,11.76,14.6,19.25
43.9,0,8.21,13.98,19.16
44,0,9.16,14.95,20.56
44.1,0,8.92,14.29,19.22
44.2,0,9.73,14.26,19.13
44.3,0,11.67,14.89,19.94
44.4,0,12.51,15.11,19.31
44.5,0,11.23,15.06,20.06
44.6,0,10.78,15.06,20.29
44.7,0,10.83,14.94,20.22
44.8,0,11.58,16.01,21.59
44.9,0,12.58,15.83,20.63
45,0,13.57,16.28,21.04
45.1,0,11.26,16.03,21.57
45.2,0,10.28,16.19,21.89
45.3,0,8.76,15.29,21.16
45.4,0,9.8,15.38,21.21
45.5,0,12.24,16.36,21.78
45.6,0,13.39,17.38,22.61
45.7,0,12,17.7,23.64
45.8,0,12.88,17.93,23.47
45.9,0,12.65,17.7,22.91
46,0,13.67,18.17,23.88
46.1,0,15.88,19.63,25.31
46.2,0,14.01,19.42,25.09
46.3,0,11.99,19.11,25.23
46.4,0,13.02,19.55,25.32
46.5,0,14.24,20.36,26.29
46.6,0,15.97,21.27,27.8
46.7,0,17.46,22.19,28.13
46.8,0,16.91,22.4,28.01
46.9,0,18.13,23.29,29.32
47,0,18.72,23.84,29.88
47.1,0,20.15,24.72,30.87
47.2,0,20.95,25.74,32.11
47.3,0,21.44,26.5,33.18
47.4,0,19.9,26.89,33.95
47.5,0,18.56,27.74,35.86
47.6,0,18.04,28.02,36.36
47.7,0,22.21,28.97,36.39
47.8,0,22.62,30.72,39.22
47.9,0,23.63,31.13,39.36
48,0,22.12,29.85,37.78
48.1,0,22.1,28.58,35.77
48.2,0,23.61,28.27,34.46
48.3,0,24.24,26.38,31.26
48.4,0,25.86,29.12,34.56
48.5,0,26.52,29.49,34.34
48.6,0,27.43,30.8,36.77
48.7,0,27.55,32.37,39.16
48.8,0,28.22,32.75,40.05
48.9,0,29.15,33.64,41.03
49,0,29.29,34,41.27
49.1,0,29.43,34.21,41.9
49.2,0,29.62,34.69,42.32
49.3,0,29.54,34.85,42.51
49.4,0,28.74,33.06,39.78
49.5,0,27.39,30.58,36.13
49.6,0,26.15,28.14,32.93
49.7,0,24.62,26.34,30.62
49.8,0,23.24,24.64,28.28
49.9,0,23.25,24.95,28.71
50,0,23,24.71,28.31
50.1,0,22.66,24.25,27.72
50.2,0,22.9,24.75,28.78
50.3,0,22.79,24.59,28.36
50.4,0,23.37,25.66,29.62
50.5,0,23.17,25.12,29.49
50.6,0,22.79,24.64,28.44
50.7,0,23.14,25.1,29.11
50.8,0,23.72,25.97,29.74
50.9,0,23.39,25.58,29.59
51,0,23.21,25.24,29.3
51.1,0,23.7,26.15,30.16
51.2,0,23.77,26.3,30.49
51.3,0,23.25,25.34,29.19
51.4,0,22.66,24.3,27.96
51.5,0,23.14,24.61,28.44
51.6,0,22.42,23.45,26.75
51.7,0,22.26,23.41,27.02
51.8,0,22.47,23.83,27.61
51.9,0,21.83,23.14,26.8
52,0,21.76,23.33,26.7
52.1,0,21.89,23.45,27.26
52.2,0,22.03,23.92,27.83
52.3,0,21.82,23.6,27.47
52.4,0,21.73,23.67,27.49
52.5,0,21.7,23.63,27.74
52.6,0,22,23.75,27.49
52.7,0,21.88,23.71,27.64
52.8,0,21.73,23.45,27.35
52.9,0,21.64,23.87,27.86
53,0,21.63,23.82,27.79
53.1,0,21.71,23.68,27.53
53.2,0,24.23,28.2,34.4
53.3,0,24.43,28.31,34.07
53.4,0,24.75,29.28,36.08
53.5,0,24.99,29.56,35.97
53.6,0,24.98,29.48,36.06
53.7,0,25,29.8,36.87
53.8,0,24.82,29.91,36.38
53.9,0,24.92,29.65,35.83
54,0,24.87,29.51,36.23
54.1,0,25.03,29.72,36.4
54.2,0,25.22,29.95,37.6
54.3,0,25.03,29.87,36.98
54.4,0,24.98,29.97,36.91
54.5,0,25.24,30.22,37.23
