x,y,VCP2.3f30000h1,VCP4.2f30000h1,VCP6.7f10000h1
0,0,83.54,84.94,110.12
0.1,0,83.52,82.44,108.94
0.2,0,84.43,81.41,109.15
0.3,0,85.17,80.09,109.34
0.4,0,85.64,79.99,108.81
0.5,0,85.49,76.98,107.8
0.6,0,60.28,67.59,112.93
0.7,0,61.35,69.75,111.43
0.8,0,63.8,72.23,113.45
0.9,0,64.23,73.01,111.94
1,0,64.65,72.61,111.4
1.1,0,65.92,73.37,113.91
1.2,0,66.29,73.68,114.11
1.3,0,63.72,70.67,110.88
1.4,0,62.79,69.72,110.4
1.5,0,63.79,71.19,112.79
1.6,0,65.24,73.1,116.05
1.7,0,66,74.37,117.52
1.8,0,64.25,72.38,115.64
1.9,0,64.81,73.08,117.16
2,0,64.51,72.62,117.22
2.1,0,64.1,72.23,116.66
2.2,0,62.92,70.47,114.36
2.3,0,62.57,70.04,113.81
2.4,0,62.66,70.13,112.84
2.5,0,63.05,70.56,112.68
2.6,0,63.47,71.14,113.84
2.7,0,63.57,71.07,113.72
2.8,0,64.29,71.8,114.98
2.9,0,64.11,72.2,115.25
3,0,63.31,71.04,113.41
3.1,0,62.27,69.63,112.13
3.2,0,61.9,68.91,110.79
3.3,0,61.88,68.75,109.77
3.4,0,61.5,68.08,108.65
3.5,0,62.54,69.42,109.84
3.6,0,61.68,68.52,107.97
3.7,0,62.1,68.88,109.14
3.8,0,61.48,68.99,109.83
3.9,0,60.96,68.42,110.31
4,0,60.32,67.94,111.02
4.1,0,61.59,67.34,116.6
4.2,0,61.52,63.27,117.25
4.3,0,61.45,69.55,117.56
4.4,0,59.24,68.45,114.3
4.5,0,58.42,67.15,111.6
4.6,0,59.2,67.13,110.77
4.7,0,60.81,68.95,112.68
4.8,0,62.13,70.59,113.76
4.9,0,63.17,70.9,112.48
5,0,63.92,71.14,110.9
5.1,0,62.41,68.16,106.25
5.2,0,64.93,70.88,108.31
5.3,0,29.01,35.97,62.84
5.4,0,31.67,38.94,66.25
5.5,0,31.57,37.6,64.52
5.6,0,31.57,37.08,63.94
5.7,0,31.29,36.29,62.13
5.8,0,31.49,36.95,62.85
5.9,0,31.95,37.87,62.94
6,0,30.34,35.37,60.95
6.1,0,26.76,31.26,51.54
6.2,0,34.13,38.38,62.93
6.3,0,35.02,39.6,63.66
6.4,0,32.62,37.62,61.83
6.5,0,31.12,36.07,61.94
6.6,0,32.16,35.87,59.57
6.7,0,33.76,34.63,55.68
6.8,0,32.33,31.29,50.1
6.9,0,28.45,30.21,50.02
7,0,18.66,32.14,56.23
7.1,0,18.27,43.9,73.78
7.2,0,7.31,39.79,67.6
7.3,0,-6.27,30.93,57.13
7.4,0,-13.38,26.54,51.98
7.5,0,-5.16,27.53,50.4
7.6,0,-1.62,28.89,51.51
7.7,0,3.83,38.17,65.54
7.8,0,16.92,50.11,79.3
7.9,0,25.53,49.13,77.45
8,0,18.14,40.66,67.39
8.1,0,20.4,40.73,68.14
8.2,0,44.49,55.05,81.53
8.3,0,48.81,55.18,79.36
8.4,0,48.02,52,75.98
8.5,0,43.26,47.55,70.55
8.6,0,32.01,30.77,49.75
8.7,0,27.15,26.82,45.58
8.8,0,22.14,27.8,48.97
8.9,0,15.53,25.75,46.94
9,0,14.59,23.49,43.5
9.1,0,15.91,25.22,47.99
9.2,0,14.64,26.84,49.66
9.3,0,14.76,28.29,51.99
9.4,0,12.09,26.85,48.98
9.5,0,5.72,24.84,47.12
9.6,0,-0.68,19.06,37.85
9.7,0,-5.07,12.56,28.37
9.8,0,-16.21,8.16,24.78
9.9,0,-60.76,-0.5,20.51
10,0,-109.14,-7.44,18.86
10.1,0,-113.09,-10.76,13.02
10.2,0,-94.52,-12.07,6.28
10.3,0,-116.48,-18.28,2.69
10.4,0,-100.91,-13.04,5.93
10.5,0,-61.92,-5.36,6.68
10.6,0,-68.46,-9.92,0.75
10.7,0,-75.71,-7.05,3.68
10.8,0,-96.87,-11.57,2.17
10.9,0,-83.09,-9.3,2.68
11,0,-73.5,-7.73,2.48
11.1,0,-47.64,-1.53,5.02
11.2,0,-28.8,1.27,5.84
11.3,0,-26.34,1.94,6.19
11.4,0,-24.65,2.57,6.52
11.5,0,-34.91,0.88,6.48
11.6,0,-34.46,0.83,6.19
11.7,0,-40.33,-0.26,6.15
11.8,0,-18.54,4.73,8.43
11.9,0,13.82,11.03,10.64
12,0,5.35,8.41,9.24
12.1,0,4.77,8.38,9.26
12.2,0,12.75,9.52,9.46
12.3,0,-17.39,4.15,7.44
12.4,0,-43.77,-0.55,5.65
12.5,0,-11.83,7.04,8.92
12.6,0,34.77,15.29,12.16
12.7,0,23.96,13.09,11.21
12.8,0,20.73,11.56,10.21
12.9,0,34.52,13.69,10.29
13,0,22.21,12.56,11.63
13.1,0,-9.67,5.62,8
13.2,0,7.74,9.64,8.86
13.3,0,28.59,12.83,11.17
13.4,0,23.41,11.22,10.15
13.5,0,9.51,8.33,8.78
13.6,0,-15.66,4.1,7.6
13.7,0,-16.73,4.31,7.81
13.8,0,-4.89,7.05,8.72
13.9,0,6.26,9.27,9.52
14,0,29.45,13.11,11.18
14.1,0,26.29,12.62,11.11
14.2,0,9.11,9.53,9.42
14.3,0,-0.88,7.3,8.89
14.4,0,2.39,8.32,9.23
14.5,0,8.49,10.78,11.13
14.6,0,22.65,12.84,10.8
14.7,0,37.57,15.03,11.37
14.8,0,26.37,13.12,10.89
14.9,0,9.9,9.54,9.21
15,0,7.9,9.05,9.12
15.1,0,18.22,12.27,11.06
15.2,0,7.67,8.99,9.23
15.3,0,9.16,8.88,9.14
15.4,0,15.04,10,9.55
15.5,0,17.58,10.69,10.1
15.6,0,5.52,8.35,9.11
15.7,0,-2.59,6.76,7.61
15.8,0,10.48,9.65,9.49
15.9,0,10.6,9.02,8.85
16,0,5.4,7.18,8.47
16.1,0,9.83,8.18,9.15
16.2,0,-3.15,5.16,7.51
16.3,0,-32.15,-0.82,5.07
16.4,0,-49.79,-4.09,4.2
16.5,0,-44.04,-2.49,5.34
16.6,0,-17.33,3.2,6.65
16.7,0,2.54,7.08,8.37
16.8,0,9.49,8.56,8.75
16.9,0,8.63,8.21,8.48
17,0,-8.95,4.6,7.13
17.1,0,-18.93,3.26,6.61
17.2,0,-21.87,3.39,7.09
17.3,0,13.12,10.34,8.96
17.4,0,21.93,11.6,10.1
17.5,0,14.8,9.25,8.89
17.6,0,12.41,8.86,8.62
17.7,0,-6.58,4.37,6.83
17.8,0,-25.53,0.72,6.18
17.9,0,-38.19,-1.38,5.17
18,0,-18.38,2.34,6.83
18.1,0,-12.45,3.08,7.12
18.2,0,-6.56,3.98,6.99
18.3,0,-23.75,0.08,5.21
18.4,0,-52.08,-5.3,3.61
18.5,0,-63.25,-6.62,3.26
18.6,0,-53.69,-4.73,3.86
18.7,0,-19.84,1.85,6.08
18.8,0,-5.04,4.32,7.16
18.9,0,-3.03,4.01,6.62
19,0,-7.71,3.31,6.65
19.1,0,-29.81,-2.1,4.53
19.2,0,-59.9,-8.3,1.73
19.3,0,-89.01,-13.55,0.15
19.4,0,-82.02,-10.73,2.45
19.5,0,-44.12,-3.22,4.95
19.6,0,-30.62,-1.83,4.23
19.7,0,-30.85,-1.59,4.42
19.8,0,-48.75,-4.93,3.97
19.9,0,-68.65,-9.33,2.09
20,0,-88.19,-12.76,0.22
20.1,0,-72.17,-8.91,2
20.2,0,-21.29,0.65,5.16
20.3,0,-14.52,1.8,5.8
20.4,0,-16.51,1.44,5.52
20.5,0,-40.97,-4.05,3.51
20.6,0,-62.26,-8.17,2.21
20.7,0,-83.34,-11.87,0.73
20.8,0,-58.35,-7.01,2.03
20.9,0,-29.44,-1.68,4.31
21,0,-23.63,-0.38,4.41
21.1,0,-31.52,-2.17,4.05
21.2,0,-47.07,-5.78,2.81
21.3,0,-59.59,-7.45,2.81
21.4,0,-73.51,-10.3,2
21.5,0,-53.65,-7.54,1.88
21.6,0,-36.31,-3.23,4.24
21.7,0,-29.06,-2.59,4.05
21.8,0,-54.74,-7.85,2.01
21.9,0,-91.42,-15.29,-0.59
22,0,-114.99,-18.77,-1.95
22.1,0,-90.17,-13.82,0.21
22.2,0,-32.47,-2.51,3.98
22.3,0,-14.17,1.19,5.05
22.4,0,-8.85,2.36,5.26
22.5,0,-4.36,2.99,5.35
22.6,0,-38.75,-4.02,2.77
22.7,0,-61.57,-8.67,1.51
22.8,0,-52.61,-5.85,3.16
22.9,0,-43.62,-3.92,3.82
23,0,-20,-0.24,4.29
23.1,0,-20.04,-0.13,4.93
23.2,0,-46.61,-5.81,2.78
23.3,0,-60.27,-8.66,1.58
23.4,0,-67.41,-9.37,1.84
23.5,0,-63.35,-7.89,1.88
23.6,0,-41.41,-3.28,3.61
23.7,0,-11.02,2.85,5.74
23.8,0,-13.63,2.33,5.84
23.9,0,-28.57,-0.95,4.67
24,0,-38.29,-2.77,3.79
24.1,0,-29.15,-0.7,4.35
24.2,0,-10.93,3.06,5.68
24.3,0,-4.17,4.51,6.59
24.4,0,0.09,4.81,6.44
24.5,0,-2.21,3.97,6.09
24.6,0,-23.16,-0.7,4.64
24.7,0,-37.57,-2.87,3.98
24.8,0,-36.2,-2.18,3.82
24.9,0,-36.93,-2.25,3.77
25,0,-10.25,2.55,5.37
25.1,0,1.24,4.26,5.94
25.2,0,-11.55,2,4.97
25.3,0,-33.37,-2.42,3.63
25.4,0,-30.59,-2.12,2.93
25.5,0,-43.83,-13.78,-16.38
25.6,0,-11.49,3.72,6.81
25.7,0,9.29,6.53,7.66
25.8,0,-17.37,0.62,5.06
25.9,0,-40.89,-4,3.42
26,0,-55.25,-6.8,2.43
26.1,0,-55.86,-6.11,2.45
26.2,0,-47.96,-4.04,3.74
26.3,0,-18.68,1.2,5.02
26.4,0,-18.78,0.89,5.13
26.5,0,-21.65,0.47,4.97
26.6,0,-20.9,0.93,5.23
26.7,0,-29.85,-1.24,3.62
26.8,0,-42.67,-3.6,3.41
26.9,0,-17.06,1.46,5.19
27,0,-16.66,0.83,4.66
27.1,0,-23.39,-0.65,4.35
27.2,0,-33.64,-1.9,4.16
27.3,0,-28.37,-1.03,4.71
27.4,0,-29.4,-1.39,4.54
27.5,0,-23.89,0.02,4.67
27.6,0,-10.25,2.51,5.44
27.7,0,-19.83,0.03,5.33
27.8,0,-27.46,-1.12,5.05
27.9,0,-34.53,-2.55,3.96
28,0,-40.41,-3.61,3.51
28.1,0,-62.74,-7.82,1.95
28.2,0,-39.14,-3.1,4.07
28.3,0,-33.34,-1.91,4.32
28.4,0,-40.06,-3.34,3.58
28.5,0,-40.95,-3.62,2.95
28.6,0,-30.81,-1.18,3.73
28.7,0,-29.29,-0.64,5.17
28.8,0,-31.85,-1.42,4.9
28.9,0,-31.33,-2.25,3.87
29,0,-44.88,-5.05,3.15
29.1,0,-58.85,-8.63,1.88
29.2,0,-51.83,-6.9,2.86
29.3,0,-43.45,-5.83,2.36
29.4,0,-33.78,-3.89,2.94
29.5,0,-56.66,-8.83,1.54
29.6,0,-78.76,-12.53,0.27
29.7,0,-89.08,-13.76,0.08
29.8,0,-96.35,-14.53,-0.2
29.9,0,-93.55,-13.69,0.23
30,0,-28.91,-1.29,4.44
30.1,0,-5.54,3.6,6.41
30.2,0,-6.36,3.53,6.44
30.3,0,-11.91,1.98,5.76
30.4,0,-18.17,1.3,5.54
30.5,0,-25.06,0.24,5.2
30.6,0,-44.48,-4.65,2.22
30.7,0,-21.44,0.3,5.12
30.8,0,-12.32,2.31,5.24
30.9,0,-8.7,2.94,6.06
31,0,-13.19,1.39,5.2
31.1,0,-27.92,-0.69,5.02
31.2,0,-32.1,-0.87,5.05
31.3,0,-32.08,-1.09,4.66
31.4,0,-26.71,-0.01,5.16
31.5,0,-5.95,5.32,7.22
31.6,0,9.81,8.37,8.38
31.7,0,1.82,6.95,7.83
31.8,0,18.91,10.26,8.89
31.9,0,45.57,15.02,10.76
32,0,-0.8,4.89,7.05
32.1,0,-24.86,0.2,5.42
32.2,0,-16.27,2.39,6.63
32.3,0,-16.19,1.71,6.39
32.4,0,-23.93,-0.36,5.13
32.5,0,-40.82,-3.03,3.73
32.6,0,-49.9,-4.88,2.99
32.7,0,-29.38,-1.14,4.72
32.8,0,-26.46,-1.49,4.41
32.9,0,-37.75,-3.5,3.98
33,0,-35.21,-2.66,4.21
33.1,0,-32.53,-2.88,3.91
33.2,0,-31.25,-3.01,2.95
33.3,0,-46.31,-4.56,3.71
33.4,0,-48.09,-4.1,3.67
33.5,0,-37.36,-1.51,4.75
33.6,0,-31.25,-0.33,5.25
33.7,0,-9.75,4.31,6.7
33.8,0,31.23,11.92,9.49
33.9,0,9.1,7.21,7.86
34,0,-12.33,2.58,5.86
34.1,0,-16,3.5,8.34
34.2,0,-28.69,-0.84,4.49
34.3,0,-57.9,-6.73,2.54
34.4,0,-48.51,-5.83,3.02
34.5,0,-42.15,-4.05,3.61
34.6,0,-39.68,-3.7,4.04
34.7,0,-53.12,-6.51,2.53
34.8,0,-61.63,-8.48,1.73
34.9,0,-84.03,-11.97,0.76
35,0,-86.37,-12.7,0.53
35.1,0,-46.21,-5.11,3.61
35.2,0,-31.52,-2.78,4.13
35.3,0,-39.5,-4.41,3.48
35.4,0,-63.3,-8.97,1.88
35.5,0,-71.42,-9.62,1.78
35.6,0,-75.68,-10.33,1.65
35.7,0,-49.65,-5.11,3.96
35.8,0,-24.72,0.4,6.47
35.9,0,-24.22,-0.41,5.56
36,0,-36.98,-3.2,4.2
36.1,0,-35.25,-2.87,4.34
36.2,0,-41.31,-3.62,3.97
36.3,0,-55.04,-6.32,3.07
36.4,0,-37.02,-2.75,4.56
36.5,0,-25.03,0.2,6.06
36.6,0,-26.34,0.03,5.26
36.7,0,-35.45,-2.22,4.65
36.8,0,-35.65,-1.53,5.38
36.9,0,-21.69,1.44,6.14
37,0,-17.87,2.12,6.61
37.1,0,-9.35,3.6,7.23
37.2,0,-6.35,4.41,7.23
37.3,0,-7.62,3.55,7.08
37.4,0,-9.55,3.36,6.88
37.5,0,-2.89,4.47,7.32
37.6,0,-20.61,1.1,5.97
37.7,0,-22.46,0.69,5.76
37.8,0,-19.37,0.91,5.99
37.9,0,-22.69,-0.26,5.67
38,0,-25.86,-1.21,5.27
38.1,0,-30.99,-1.91,4.93
38.2,0,-35.75,-2.26,4.67
38.3,0,-62.59,-6.73,3.64
38.4,0,-46.84,-3.92,4.42
38.5,0,-25.58,0.77,5.92
38.6,0,-19.32,1.8,6.14
38.7,0,-16.06,2.42,6.89
38.8,0,-10.61,3.7,7.22
38.9,0,-3.7,4.55,7.14
39,0,-9.85,3.84,6.93
39.1,0,-7.93,3.69,6.97
39.2,0,-5.99,4.32,7.49
39.3,0,-16.67,2.24,6.65
39.4,0,-21.79,1.47,6.21
39.5,0,-15.44,3.61,8.14
39.6,0,0.74,8.3,10.68
39.7,0,-3.43,6.27,8.06
39.8,0,2.99,8.03,9.12
39.9,0,8.59,9.24,9.19
40,0,1.68,8.02,8.6
40.1,0,19.6,11.59,9.92
40.2,0,38.56,16.56,13.55
40.3,0,25.51,12.63,10.17
40.4,0,24.5,12.79,10.73
40.5,0,30.66,13.54,11.1
40.6,0,25.84,12.78,10.54
40.7,0,19.85,11.26,9.98
40.8,0,22.99,11.78,9.98
40.9,0,26.38,11.79,10.01
41,0,24.2,11.02,9.72
41.1,0,11.5,8.64,8.96
41.2,0,-4.81,6.29,8.29
41.3,0,-18.77,3.72,7.6
41.4,0,-14.05,5.49,8.49
41.5,0,30.34,14.05,11.74
41.6,0,50.98,17.31,12.12
41.7,0,37.57,14.65,11.23
41.8,0,18.62,11.41,9.9
41.9,0,9.41,9.63,9.28
42,0,9.28,9.79,9.56
42.1,0,34.51,14.79,11.4
42.2,0,45.59,16.3,11.95
42.3,0,35.36,13.52,10.75
42.4,0,15.82,9.07,8.68
42.5,0,-12.1,4,7.01
42.6,0,-20.3,2.67,7.18
42.7,0,-13.59,4.46,7.66
42.8,0,7.85,8.53,9.12
42.9,0,27.47,11.72,10.1
43,0,15.07,8.94,8.62
43.1,0,-10.19,4.21,7.46
43.2,0,-21.29,2,6.57
43.3,0,-29.62,1.32,6.91
43.4,0,-19.16,4.74,9.48
43.5,0,7.19,8.87,9.04
43.6,0,23.34,11.47,9.95
43.7,0,6.55,8.18,8.76
43.8,0,-9.1,5.07,7.66
43.9,0,-11.12,5.21,7.96
44,0,3.51,8.19,9.2
44.1,0,11.46,9.38,9.17
44.2,0,16.8,10.19,9.56
44.3,0,6.3,8.15,8.67
44.4,0,-0.07,6.65,7.86
44.5,0,-2.75,6.12,7.59
44.6,0,5.48,7.52,7.49
44.7,0,9.84,8.82,8.32
44.8,0,14.83,9.9,9.41
44.9,0,4.15,7.18,8.28
45,0,-7.45,5.02,8.01
45.1,0,-28.01,1.3,6.63
45.2,0,-24.78,2.37,6.86
45.3,0,2.44,7.7,8.79
45.4,0,20.23,11.33,10.27
45.5,0,9.59,8.99,9.51
45.6,0,5.47,8.83,9.22
45.7,0,5.39,8.77,8.88
45.8,0,13.35,10.97,10
45.9,0,26.02,13.68,11.01
46,0,38.8,15.8,11.29
46.1,0,28.62,13.75,10.96
46.2,0,22.92,13.11,10.88
46.3,0,32.18,14.7,11.34
46.4,0,35.2,15.2,11.2
46.5,0,25.37,12.76,10.76
46.6,0,23.47,12.03,10.14
46.7,0,27.03,12.17,10.28
46.8,0,22.54,11.11,9.99
46.9,0,-4.06,5.6,8.19
47,0,-23.2,2.39,6.94
47.1,0,-22.84,3.22,7.38
47.2,0,-6.59,6.61,8.48
47.3,0,28.88,14.12,11.05
47.4,0,40.39,16.32,11.61
47.5,0,28.91,14.04,11.28
47.6,0,33.57,15.13,11.81
47.7,0,34.56,15.12,11.81
47.8,0,36.72,14.97,11.51
47.9,0,36.35,14.52,10.97
48,0,20.81,11.2,9.95
48.1,0,-0.2,6.91,8.29
48.2,0,-4.41,5.72,8.27
48.3,0,-6.49,5.38,7.92
48.4,0,-0.57,6.81,8.46
48.5,0,-6.56,5.79,8.05
48.6,0,-14.32,4.69,7.24
48.7,0,-13.33,6.16,8.65
48.8,0,13.9,11.63,10.6
48.9,0,41.6,17.08,12.3
49,0,42.89,17.16,12.08
49.1,0,35.38,15.6,11.72
49.2,0,42.43,16.37,11.89
49.3,0,23.25,11.66,10.34
49.4,0,-1.76,6.94,8.59
49.5,0,-5.82,6.37,8.59
49.6,0,4.21,8.58,9.29
49.7,0,16.67,11.27,10.45
49.8,0,18.52,11.6,10.47
49.9,0,23.72,12.76,10.44
50,0,18.93,12.24,10.39
50.1,0,8.07,10.59,10
50.2,0,24.32,14.02,11.65
50.3,0,53.76,19.31,13.26
50.4,0,33.98,15.34,11.61
50.5,0,31.64,15.09,11.68
50.6,0,42.58,16.81,12.34
50.7,0,22.45,12.71,10.76
50.8,0,4.99,9.18,9.68
50.9,0,22.17,12.98,11.11
51,0,41.84,16.54,12.26
51.1,0,23.51,12.33,11.04
51.2,0,20.44,11.88,10.79
51.3,0,9.11,9.91,9.71
51.4,0,0.09,7.88,9.21
51.5,0,-4.05,7.77,9.49
51.6,0,14.28,11.76,11.13
51.7,0,19.97,12.61,10.65
51.8,0,19.76,12.49,11.01
51.9,0,33.52,16.01,12.22
52,0,46.5,18.52,12.98
52.1,0,47.2,18.52,13.07
52.2,0,52.05,19.25,13.57
52.3,0,51.02,19.04,13.27
52.4,0,30.5,14.31,11.47
52.5,0,21.26,12.61,11.19
52.6,0,9.12,10.45,9.96
52.7,0,5.24,9.56,9.76
52.8,0,14.46,10.25,8.56
52.9,0,31.69,14.76,11.9
53,0,24.77,13.01,10.79
53.1,0,22.49,12.55,10.85
53.2,0,14.08,9.31,8.06
53.3,0,4.25,9.49,10.61
53.4,0,-9.11,6.26,9.27
53.5,0,-1.67,7.53,9.7
53.6,0,15.23,11.11,10.72
53.7,0,26.11,13.27,11.87
53.8,0,15.24,11.59,10.98
53.9,0,17.36,11.93,10.7
54,0,20.54,12.68,11
54.1,0,32.54,14.92,11.7
54.2,0,45.79,17.52,12.94
54.3,0,35.96,14.67,11.54
54.4,0,26.03,13.04,11.07
54.5,0,11.52,10.18,9.6
54.6,0,2.75,8.21,9
54.7,0,10.67,10.4,9.86
54.8,0,42.04,16.51,12.44
54.9,0,40.78,15.18,11.4
55,0,19.07,10.56,9.9
55.1,0,7.52,8.08,8.82
55.2,0,-4.88,5.24,7.32
55.3,0,-3.07,5.38,7.12
55.4,0,-3.81,5.52,7.61
55.5,0,18.02,10.05,9.13
55.6,0,23.78,10.98,9.16
55.7,0,11.74,8.9,8.66
55.8,0,14.36,10.38,9.11
55.9,0,43.31,16,11.15
56,0,50.48,17.2,10.93
56.1,0,45.44,16.02,11.21
56.2,0,34.03,14.04,10.23
56.3,0,33.28,13.76,10.18
56.4,0,28.24,12.83,9.68
56.5,0,30.83,13.46,10.17
56.6,0,32.18,13.41,10.41
56.7,0,34.61,13.85,10.61
56.8,0,27.77,12.7,10.01
56.9,0,25.26,12.19,9.77
57,0,31.65,13.36,10.07
57.1,0,36.95,14.4,10.86
57.2,0,28.5,11.96,9.26
57.3,0,38.54,13.28,9.52
57.4,0,18.41,8.95,8.78
57.5,0,-22.73,1.47,6.66
57.6,0,-24.2,1.19,6.43
57.7,0,-9.17,4.42,7.59
57.8,0,6.76,8.08,8.91
57.9,0,10.62,8.65,9.04
58,0,0.13,6.82,8.35
58.1,0,-9.2,5.68,8.32
58.2,0,-2.2,8.02,9.59
58.3,0,16.78,11.26,10.48
58.4,0,20.72,12.03,10.68
58.5,0,18.18,11.94,11.51
58.6,0,24.71,12.89,11.48
58.7,0,22.43,12.43,11.17
58.8,0,9.27,10.13,10.66
58.9,0,10.43,10.78,11.12
59,0,18.01,12.24,11.1
59.1,0,21.86,13.86,12.63
59.2,0,23.35,13.97,13.25
59.3,0,28.31,14.3,13.03
59.4,0,29.97,14.31,12.96
59.5,0,5.5,10.78,13.04
59.6,0,0.38,10.43,14.36
59.7,0,3.74,11.68,14.29
59.8,0,13.66,14.22,15.89
59.9,0,18.65,14.79,15.68
60,0,27.06,15.54,14.99
60.1,0,26.69,16.14,16.1
60.2,0,14.72,15.88,18.57
60.3,0,15.17,18.52,21.63
60.4,0,24.66,18.69,20.14
60.5,0,26.19,18.74,19.6
60.6,0,23.94,19.74,21.44
60.7,0,28.9,24.39,27.25
60.8,0,32.2,25.98,29.12
60.9,0,29.68,25.32,28.56
61,0,36.44,27.84,31.68
61.1,0,48.02,32.25,35.87
61.2,0,54.74,35.17,38.59
61.3,0,51.7,35.69,39.24
61.4,0,49.83,39.79,46.42
61.5,0,44.77,45.81,57.24
61.6,0,49.07,51.55,64.47
61.7,0,57.14,53.4,65.5
61.8,0,61.76,56.71,68.87
61.9,0,57.88,59.84,75.19
62,0,56.38,60.11,76.07
62.1,0,64.46,63.15,78.32
62.2,0,71.89,64.94,78.89
62.3,0,71.11,64.34,78.22
62.4,0,65.88,62.58,76.46
62.5,0,62.23,61.68,76.26
62.6,0,60.84,61.33,75.86
62.7,0,61.03,61.7,76.21
62.8,0,60.73,62.85,77.87
62.9,0,59.75,61.53,76.39
63,0,59.86,61.79,76.85
