x,y,HCP2.3f30000h1,HCP4.2f30000h1,HCP6.7f10000h1,VCP2.3f30000h1,VCP4.2f30000h1,VCP6.7f10000h1
0,0,18.59,15.54,22.92,61.59,67.34,116.6
0.1,0,18.73,15.3,23.54,61.52,63.27,117.25
0.2,0,18.72,15.62,23.49,61.45,69.55,117.56
0.3,0,19.05,16.09,24.15,59.24,68.45,114.3
0.4,0,18.99,16.02,24.02,58.42,67.15,111.6
0.5,0,18.93,15.85,23.57,59.2,67.13,110.77
0.6,0,18.52,15.34,22.68,60.81,68.95,112.68
0.7,0,18.87,15.83,23.28,62.13,70.59,113.76
0.8,0,18.43,15.36,20.43,63.17,70.9,112.48
0.9,0,18.5,15.77,25.63,63.92,71.14,110.9
1,0,18.66,15.58,22.12,62.41,68.16,106.25
1.1,0,18.35,15.48,23.59,64.93,70.88,108.31
1.2,0,18.47,15.74,23.2,29.01,35.97,62.84
1.3,0,18.45,16.05,23.61,31.67,38.94,66.25
1.4,0,18.9,17.1,26.44,31.57,37.6,64.52
1.5,0,19.3,17.69,27.13,31.57,37.08,63.94
1.6,0,18.7,16.63,25.72,31.29,36.29,62.13
1.7,0,19,17.22,26.99,31.49,36.95,62.85
1.8,0,19.42,17.21,25.76,31.95,37.87,62.94
1.9,0,19.19,17.15,24.93,30.34,35.37,60.95
2,0,19.72,17.65,25.84,26.76,31.26,51.54
2.1,0,20.31,19.08,27.87,34.13,38.38,62.93
2.2,0,20.43,19.26,28.74,35.02,39.6,63.66
2.3,0,23.62,19.87,29.51,32.62,37.62,61.83
2.4,0,26.73,22.31,30.9,31.12,36.07,61.94
2.5,0,27.13,22.13,30.43,32.16,35.87,59.57
2.6,0,26.83,21.91,29.7,33.76,34.63,55.68
2.7,0,27.12,21.95,28.72,32.33,31.29,50.1
2.8,0,27.41,21.83,29.2,28.45,30.21,50.02
2.9,0,27.55,21.79,28.4,18.66,32.14,56.23
3,0,28.96,23.16,28.37,18.27,43.9,73.78
3.1,0,30.82,25.76,31.01,7.31,39.79,67.6
3.2,0,31.18,26.48,31,-6.27,30.93,57.13
3.3,0,31.44,27.76,32.99,-13.38,26.54,51.98
3.4,0,31.12,28.15,33.5,-5.16,27.53,50.4
3.5,0,29.28,25.68,30.1,-1.62,28.89,51.51
3.6,0,29.58,26.88,32.7,3.83,38.17,65.54
3.7,0,29.74,27.25,33.52,16.92,50.11,79.3
3.8,0,28.8,26.77,32.43,25.53,49.13,77.45
3.9,0,25.17,22.43,25.8,18.14,40.66,67.39
4,0,26.07,24.6,28.1,20.4,40.73,68.14
4.1,0,26.97,26.36,30.97,44.49,55.05,81.53
4.2,0,27.36,27.56,32.22,48.81,55.18,79.36
4.3,0,27.92,28.2,33.81,48.02,52,75.98
4.4,0,28.68,28.8,34.55,43.26,47.55,70.55
4.5,0,29.17,30.11,35.07,32.01,30.77,49.75
4.6,0,29.39,30.01,35.26,27.15,26.82,45.58
4.7,0,28.95,30.29,36.42,22.14,27.8,48.97
4.8,0,28.24,29.76,35.8,15.53,25.75,46.94
4.9,0,25.98,26.72,31.84,14.59,23.49,43.5
5,0,23.67,24.95,30.2,15.91,25.22,47.99
5.1,0,24.24,26.03,32.37,14.64,26.84,49.66
5.2,0,24.24,26.71,33.58,14.76,28.29,51.99
5.3,0,23.17,25.86,32.8,12.09,26.85,48.98
5.4,0,22.84,26.17,33.38,5.72,24.84,47.12
5.5,0,21.14,24.24,31.16,-0.68,19.06,37.85
5.6,0,19.41,21.59,27.44,-5.07,12.56,28.37
5.7,0,20.25,22.54,28.68,-16.21,8.16,24.78
5.8,0,21.44,23.41,30.01,-60.76,-0.5,20.51
5.9,0,21.29,23.63,30.03,-109.14,-7.44,18.86
6,0,20.66,23.25,29.52,-113.09,-10.76,13.02
6.1,0,20.53,22.95,28.97,-94.52,-12.07,6.28
6.2,0,20.31,22.16,28.17,-116.48,-18.28,2.69
6.3,0,19.93,21.8,27.67,-100.91,-13.04,5.93
6.4,0,20.34,21.79,28.08,-61.92,-5.36,6.68
6.5,0,20.08,21.24,27.15,-68.46,-9.92,0.75
6.6,0,19.39,20.38,25.12,-75.71,-7.05,3.68
6.7,0,19.62,19.92,24.55,-96.87,-11.57,2.17
6.8,0,19.75,19.17,23.37,-83.09,-9.3,2.68
6.9,0,18.49,17.89,21.26,-73.5,-7.73,2.48
7,0,17.97,18.6,21.58,-47.64,-1.53,5.02
7.1,0,19.48,20.56,25.56,-28.8,1.27,5.84
7.2,0,21.81,22.47,27.54,-26.34,1.94,6.19
7.3,0,23.59,23.22,28.27,-24.65,2.57,6.52
7.4,0,24.09,23.14,28.54,-34.91,0.88,6.48
7.5,0,23.98,23.72,29.05,-34.46,0.83,6.19
7.6,0,23.55,23.57,30.09,-40.33,-0.26,6.15
7.7,0,23.81,23.71,30.3,-18.54,4.73,8.43
7.8,0,24.04,23.75,29.25,13.82,11.03,10.64
7.9,0,24.45,23.66,28.77,5.35,8.41,9.24
8,0,24.84,23.79,32,4.77,8.38,9.26
8.1,0,24.73,23.49,29.43,12.75,9.52,9.46
8.2,0,24.75,23.63,26.76,-17.39,4.15,7.44
8.3,0,24.8,23.68,28.63,-43.77,-0.55,5.65
8.4,0,25.05,23.95,26.63,-11.83,7.04,8.92
8.5,0,24.96,23.53,28.89,34.77,15.29,12.16
8.6,0,24.67,22.9,28.04,23.96,13.09,11.21
8.7,0,25.07,23.44,29.26,20.73,11.56,10.21
8.8,0,25.14,23.55,29.6,34.52,13.69,10.29
8.9,0,25.26,23.49,28.92,22.21,12.56,11.63
9,0,25.54,23.83,29.69,-9.67,5.62,8
9.1,0,24.67,23.33,28.44,7.74,9.64,8.86
9.2,0,23.71,23.56,29.4,28.59,12.83,11.17
9.3,0,23.32,23.42,29.93,23.41,11.22,10.15
9.4,0,24.46,23.54,29.4,9.51,8.33,8.78
9.5,0,25.03,23.55,28.21,-15.66,4.1,7.6
9.6,0,25.45,23.78,30.51,-16.73,4.31,7.81
9.7,0,25.64,23.73,30.55,-4.89,7.05,8.72
9.8,0,25.59,23.79,30.41,6.26,9.27,9.52
9.9,0,25.52,23.94,29.25,29.45,13.11,11.18
10,0,25.62,23.9,30.6,26.29,12.62,11.11
10.1,0,25.37,23.46,29.59,9.11,9.53,9.42
10.2,0,25.31,23.68,29.16,-0.88,7.3,8.89
10.3,0,25.3,23.41,29.08,2.39,8.32,9.23
10.4,0,25.52,23.8,29.49,8.49,10.78,11.13
10.5,0,24.92,23.59,28.6,22.65,12.84,10.8
10.6,0,25.02,23.83,29.56,37.57,15.03,11.37
10.7,0,24.13,23.41,29.45,26.37,13.12,10.89
10.8,0,24.01,23.55,29.19,9.9,9.54,9.21
10.9,0,23.5,23.41,28.62,7.9,9.05,9.12
11,0,23.03,23.31,29.45,18.22,12.27,11.06
11.1,0,22.61,22.31,28.1,7.67,8.99,9.23
11.2,0,21.53,21.27,26.21,9.16,8.88,9.14
11.3,0,20.12,20.16,14.21,15.04,10,9.55
11.4,0,18.79,19.07,20.27,17.58,10.69,10.1
11.5,0,16.27,18.33,33.63,5.52,8.35,9.11
11.6,0,15.21,17.91,22.41,-2.59,6.76,7.61
11.7,0,13.94,17.08,22.71,10.48,9.65,9.49
11.8,0,14.49,16.72,17.16,10.6,9.02,8.85
11.9,0,15.64,16.98,15.86,5.4,7.18,8.47
12,0,14.15,16.31,20.03,9.83,8.18,9.15
12.1,0,9,14.57,16.07,-3.15,5.16,7.51
12.2,0,8.83,14.49,16.22,-32.15,-0.82,5.07
12.3,0,11.24,14.61,17.38,-49.79,-4.09,4.2
12.4,0,12.68,14.92,18.71,-44.04,-2.49,5.34
12.5,0,13.05,14.76,17.84,-17.33,3.2,6.65
12.6,0,13.82,14.75,17.61,2.54,7.08,8.37
12.7,0,13.39,14.6,17.39,9.49,8.56,8.75
12.8,0,12.5,14.07,17.31,8.63,8.21,8.48
12.9,0,12.52,13.72,16.98,-8.95,4.6,7.13
13,0,12.67,13.52,16.7,-18.93,3.26,6.61
13.1,0,13.17,13.96,16.79,-21.87,3.39,7.09
13.2,0,13.34,14.03,16.33,13.12,10.34,8.96
13.3,0,12.61,13.3,15.37,21.93,11.6,10.1
13.4,0,11.16,12.64,15.08,14.8,9.25,8.89
13.5,0,9.84,12.17,14.8,12.41,8.86,8.62
13.6,0,10.52,12.44,14.87,-6.58,4.37,6.83
13.7,0,10.64,12.49,14.32,-25.53,0.72,6.18
13.8,0,11.58,12.32,14.32,-38.19,-1.38,5.17
13.9,0,12,12.04,13.63,-18.38,2.34,6.83
14,0,12.44,11.98,13.6,-12.45,3.08,7.12
14.1,0,10.32,11.75,13.58,-6.56,3.98,6.99
14.2,0,7.18,10.66,13.01,-23.75,0.08,5.21
14.3,0,8.77,11.16,13.4,-52.08,-5.3,3.61
14.4,0,9.23,11.16,12.86,-63.25,-6.62,3.26
14.5,0,10.3,10.76,12.25,-53.69,-4.73,3.86
14.6,0,12.29,11.57,12.89,-19.84,1.85,6.08
14.7,0,9.74,10.88,12.52,-5.04,4.32,7.16
14.8,0,7.79,10.58,11.94,-3.03,4.01,6.62
14.9,0,8.24,10.75,12.25,-7.71,3.31,6.65
15,0,8.2,10.19,11.93,-29.81,-2.1,4.53
15.1,0,9.86,10.65,11.93,-59.9,-8.3,1.73
15.2,0,11.16,11.03,12.25,-89.01,-13.55,0.15
15.3,0,7.19,10.02,12.04,-82.02,-10.73,2.45
15.4,0,5.68,9.84,11.78,-44.12,-3.22,4.95
15.5,0,7.23,9.91,11.07,-30.62,-1.83,4.23
15.6,0,7.85,10.16,11.71,-30.85,-1.59,4.42
15.7,0,10.67,10.46,11.76,-48.75,-4.93,3.97
15.8,0,10.74,10.3,11.46,-68.65,-9.33,2.09
15.9,0,6.83,9.46,10.72,-88.19,-12.76,0.22
16,0,5.08,9.06,10.69,-72.17,-8.91,2
16.1,0,7.49,9.95,11.25,-21.29,0.65,5.16
16.2,0,10.03,10.85,12.16,-14.52,1.8,5.8
16.3,0,10.73,10.82,12.05,-16.51,1.44,5.52
16.4,0,10.65,10.17,11.46,-40.97,-4.05,3.51
16.5,0,8.44,9.53,10.86,-62.26,-8.17,2.21
16.6,0,6.18,8.93,10.64,-83.34,-11.87,0.73
16.7,0,7.25,9.55,10.79,-58.35,-7.01,2.03
16.8,0,6.91,9.27,10.68,-29.44,-1.68,4.31
16.9,0,7.18,9.28,11.13,-23.63,-0.38,4.41
17,0,8.4,9.58,10.64,-31.52,-2.17,4.05
17.1,0,7.83,9.56,10.6,-47.07,-5.78,2.81
17.2,0,6.06,9.21,11,-59.59,-7.45,2.81
17.3,0,5.29,8.53,10.36,-73.51,-10.3,2
17.4,0,5.31,8.66,10.46,-53.65,-7.54,1.88
17.5,0,7.3,9.1,10.39,-36.31,-3.23,4.24
17.6,0,7.75,9.47,10.73,-29.06,-2.59,4.05
17.7,0,7.49,9.36,10.65,-54.74,-7.85,2.01
17.8,0,5.79,9.18,10.83,-91.42,-15.29,-0.59
17.9,0,5.84,9.33,11.2,-114.99,-18.77,-1.95
18,0,4.98,7.55,8.39,-90.17,-13.82,0.21
18.1,0,6.68,9.2,10.41,-32.47,-2.51,3.98
18.2,0,8.3,9.28,10.91,-14.17,1.19,5.05
18.3,0,9.64,9.67,10.93,-8.85,2.36,5.26
18.4,0,9.31,9.84,11.07,-4.36,2.99,5.35
18.5,0,7.24,9.42,10.82,-38.75,-4.02,2.77
18.6,0,7.32,9.08,10.43,-61.57,-8.67,1.51
18.7,0,7.21,9.08,10.66,-52.61,-5.85,3.16
18.8,0,8.62,9.47,11.33,-43.62,-3.92,3.82
18.9,0,10.48,9.68,10.97,-20,-0.24,4.29
19,0,9.44,9.96,11.78,-20.04,-0.13,4.93
19.1,0,2.53,7.86,10.47,-46.61,-5.81,2.78
19.2,0,0.03,7.37,10.43,-60.27,-8.66,1.58
19.3,0,0.5,7.46,10.37,-67.41,-9.37,1.84
19.4,0,2.41,7.9,10.72,-63.35,-7.89,1.88
19.5,0,7.05,8.62,10.54,-41.41,-3.28,3.61
19.6,0,9.64,9.64,11.26,-11.02,2.85,5.74
19.7,0,6.71,9.45,11.54,-13.63,2.33,5.84
19.8,0,6.04,9.15,10.91,-28.57,-0.95,4.67
19.9,0,7.08,9.59,11.58,-38.29,-2.77,3.79
20,0,5.77,8.84,11.46,-29.15,-0.7,4.35
20.1,0,9.44,9.83,11.61,-10.93,3.06,5.68
20.2,0,11.39,10.42,12.05,-4.17,4.51,6.59
20.3,0,9.15,10.35,12.08,0.09,4.81,6.44
20.4,0,8.39,9.83,11.38,-2.21,3.97,6.09
20.5,0,8.73,10.3,11.95,-23.16,-0.7,4.64
20.6,0,8.05,9.97,12.04,-37.57,-2.87,3.98
20.7,0,10.96,10.91,12.28,-36.2,-2.18,3.82
20.8,0,12.26,11.44,13.06,-36.93,-2.25,3.77
20.9,0,9.58,10.77,12.28,-10.25,2.55,5.37
21,0,8.22,10.66,12.62,1.24,4.26,5.94
21.1,0,8.18,10.49,12.56,-11.55,2,4.97
21.2,0,6.5,9.48,11.62,-33.37,-2.42,3.63
21.3,0,10.27,10.47,11.69,-30.59,-2.12,2.93
21.4,0,11.63,11.06,12.28,-43.83,-13.78,-16.38
21.5,0,9.82,10.97,12.9,-11.49,3.72,6.81
21.6,0,9.37,10.52,12.52,9.29,6.53,7.66
21.7,0,7.53,10.05,12.28,-17.37,0.62,5.06
21.8,0,7.86,10.18,12.4,-40.89,-4,3.42
21.9,0,10.56,10.97,12.79,-55.25,-6.8,2.43
22,0,10.06,10.93,12.41,-55.86,-6.11,2.45
22.1,0,4.23,9.46,11.72,-47.96,-4.04,3.74
22.2,0,5.3,9.9,12.57,-18.68,1.2,5.02
22.3,0,4.48,9.48,12,-18.78,0.89,5.13
22.4,0,4.97,9.64,12.13,-21.65,0.47,4.97
22.5,0,9.97,10.94,13.13,-20.9,0.93,5.23
22.6,0,11,10.99,12.67,-29.85,-1.24,3.62
22.7,0,9.05,10.66,12.49,-42.67,-3.6,3.41
22.8,0,9.27,11.2,12.97,-17.06,1.46,5.19
22.9,0,8.69,11.44,13.85,-16.66,0.83,4.66
23,0,8.24,10.66,12.9,-23.39,-0.65,4.35
23.1,0,10.5,11.53,14.15,-33.64,-1.9,4.16
23.2,0,11.45,11.77,13.7,-28.37,-1.03,4.71
23.3,0,9.21,11.33,13.32,-29.4,-1.39,4.54
23.4,0,8.38,11.13,13.36,-23.89,0.02,4.67
23.5,0,7.49,10.85,13.78,-10.25,2.51,5.44
23.6,0,7.42,10.63,13.55,-19.83,0.03,5.33
23.7,0,11.68,11.9,14.32,-27.46,-1.12,5.05
23.8,0,13.54,12.68,15.1,-34.53,-2.55,3.96
23.9,0,9.6,11.85,14.85,-40.41,-3.61,3.51
24,0,5.15,10.95,14.34,-62.74,-7.82,1.95
24.1,0,4.28,10.56,14.11,-39.14,-3.1,4.07
24.2,0,7.51,11.07,14.36,-33.34,-1.91,4.32
24.3,0,12.73,12.42,14.69,-40.06,-3.34,3.58
24.4,0,14.04,12.72,14.65,-40.95,-3.62,2.95
24.5,0,10.04,11.86,14.27,-30.81,-1.18,3.73
24.6,0,8.97,12.16,15.05,-29.29,-0.64,5.17
24.7,0,9.57,12.25,14.86,-31.85,-1.42,4.9
24.8,0,11.76,12.38,14.49,-31.33,-2.25,3.87
24.9,0,13.77,13.07,15.21,-44.88,-5.05,3.15
25,0,12.43,13.34,15.68,-58.85,-8.63,1.88
25.1,0,11.05,13.36,15.66,-51.83,-6.9,2.86
25.2,0,11.85,13.41,15.3,-43.45,-5.83,2.36
25.3,0,13.49,13.08,15.1,-33.78,-3.89,2.94
25.4,0,14.78,13.93,16.22,-56.66,-8.83,1.54
25.5,0,12.81,12.96,15.01,-78.76,-12.53,0.27
25.6,0,9.99,12.53,14.97,-89.08,-13.76,0.08
25.7,0,5.47,11.04,14.13,-96.35,-14.53,-0.2
25.8,0,8.53,10.72,13.55,-93.55,-13.69,0.23
25.9,0,7.84,10.17,13.31,-28.91,-1.29,4.44
26,0,4.45,9.7,12.86,-5.54,3.6,6.41
26.1,0,5.48,10.51,13.08,-6.36,3.53,6.44
26.2,0,6.36,11.07,14.02,-11.91,1.98,5.76
26.3,0,8.57,10.96,13.48,-18.17,1.3,5.54
26.4,0,13.77,11.91,13.43,-25.06,0.24,5.2
26.5,0,12.53,11.38,12.49,-44.48,-4.65,2.22
26.6,0,4.53,10.16,13.46,-21.44,0.3,5.12
26.7,0,4.64,10.48,13.25,-12.32,2.31,5.24
26.8,0,6.48,10.28,12.59,-8.7,2.94,6.06
26.9,0,9.98,10.85,12.82,-13.19,1.39,5.2
27,0,13.7,11.95,13.66,-27.92,-0.69,5.02
27.1,0,10.36,10.73,12.49,-32.1,-0.87,5.05
27.2,0,3.9,10,13.28,-32.08,-1.09,4.66
27.3,0,7.74,10.62,12.9,-26.71,-0.01,5.16
27.4,0,9.49,10.78,12.37,-5.95,5.32,7.22
27.5,0,11.84,10.92,11.88,9.81,8.37,8.38
27.6,0,11.57,11.05,12.19,1.82,6.95,7.83
27.7,0,7.48,10.85,13.3,18.91,10.26,8.89
27.8,0,9.37,10.75,12.14,45.57,15.02,10.76
27.9,0,10.26,11.07,12.73,-0.8,4.89,7.05
28,0,12.12,11.66,13.22,-24.86,0.2,5.42
28.1,0,12.53,11.41,12.61,-16.27,2.39,6.63
28.2,0,7.82,10.33,12.51,-16.19,1.71,6.39
28.3,0,5.61,9.71,12.12,-23.93,-0.36,5.13
28.4,0,7.34,9.76,11.58,-40.82,-3.03,3.73
28.5,0,10.75,10.32,11.8,-49.9,-4.88,2.99
28.6,0,10.77,10.08,10.77,-29.38,-1.14,4.72
28.7,0,6.5,8.79,9.97,-26.46,-1.49,4.41
28.8,0,6.06,9.8,12.18,-37.75,-3.5,3.98
28.9,0,6.61,9.85,12.48,-35.21,-2.66,4.21
29,0,9.67,10.77,12.61,-32.53,-2.88,3.91
29.1,0,11.47,10.72,12.6,-31.25,-3.01,2.95
29.2,0,9.43,10.63,12.21,-46.31,-4.56,3.71
29.3,0,8.35,10.34,12.21,-48.09,-4.1,3.67
29.4,0,7.04,10.1,12.32,-37.36,-1.51,4.75
29.5,0,8.15,10.16,12.11,-31.25,-0.33,5.25
29.6,0,10.86,10.42,11.86,-9.75,4.31,6.7
29.7,0,8.74,10.7,12.86,31.23,11.92,9.49
29.8,0,5.08,9.8,12.51,9.1,7.21,7.86
29.9,0,5.5,9.62,12.75,-12.33,2.58,5.86
30,0,6.38,9.52,12.04,-16,3.5,8.34
30.1,0,10.87,10.79,12.39,-28.69,-0.84,4.49
30.2,0,9.41,11,13.12,-57.9,-6.73,2.54
30.3,0,5,10.03,12.99,-48.51,-5.83,3.02
30.4,0,6.74,10.65,13.62,-42.15,-4.05,3.61
30.5,0,6.81,10.36,13.2,-39.68,-3.7,4.04
30.6,0,11.08,11.41,13.49,-53.12,-6.51,2.53
30.7,0,11.24,11.54,13.75,-61.63,-8.48,1.73
30.8,0,8.91,11.09,13.51,-84.03,-11.97,0.76
30.9,0,10.19,11.41,13.76,-86.37,-12.7,0.53
31,0,9.94,11.66,14.32,-46.21,-5.11,3.61
31.1,0,9.29,11.3,13.78,-31.52,-2.78,4.13
31.2,0,10.02,11.15,13.38,-39.5,-4.41,3.48
31.3,0,8.55,11.47,14.31,-63.3,-8.97,1.88
31.4,0,7.38,11.11,13.81,-71.42,-9.62,1.78
31.5,0,7.29,11.04,13.81,-75.68,-10.33,1.65
31.6,0,7.7,11.34,13.79,-49.65,-5.11,3.96
31.7,0,10.42,11.58,13.85,-24.72,0.4,6.47
31.8,0,10.19,11.8,14.1,-24.22,-0.41,5.56
31.9,0,8.93,11.44,13.91,-36.98,-3.2,4.2
32,0,7.31,11.18,14.25,-35.25,-2.87,4.34
32.1,0,9.43,11.87,14.51,-41.31,-3.62,3.97
32.2,0,10.37,11.68,13.99,-55.04,-6.32,3.07
32.3,0,8.57,11.41,13.99,-37.02,-2.75,4.56
32.4,0,4.77,9.7,11.02,-25.03,0.2,6.06
32.5,0,7.3,11.18,13.65,-26.34,0.03,5.26
32.6,0,6.98,10.9,13.8,-35.45,-2.22,4.65
32.7,0,8.66,11.19,14.09,-35.65,-1.53,5.38
32.8,0,7.6,10.73,13.72,-21.69,1.44,6.14
32.9,0,5.29,10.45,13.41,-17.87,2.12,6.61
33,0,6.27,10.63,13.12,-9.35,3.6,7.23
33.1,0,7.07,10.72,13.25,-6.35,4.41,7.23
33.2,0,9.78,11.5,14.16,-7.62,3.55,7.08
33.3,0,7.08,10.51,13.06,-9.55,3.36,6.88
33.4,0,6.23,11.01,13.85,-2.89,4.47,7.32
33.5,0,7.41,11.04,13.75,-20.61,1.1,5.97
33.6,0,8.44,11.21,13.79,-22.46,0.69,5.76
33.7,0,11.65,11.97,14.17,-19.37,0.91,5.99
33.8,0,5.83,10.74,13.84,-22.69,-0.26,5.67
33.9,0,1.68,9.66,13,-25.86,-1.21,5.27
34,0,5.12,10.3,13.31,-30.99,-1.91,4.93
34.1,0,5.97,10.64,13.65,-35.75,-2.26,4.67
34.2,0,10.64,11.93,14.29,-62.59,-6.73,3.64
34.3,0,5.46,10.6,14.28,-46.84,-3.92,4.42
34.4,0,-6.2,7.95,13.04,-25.58,0.77,5.92
34.5,0,-1.93,9.24,13.65,-19.32,1.8,6.14
34.6,0,2.79,10.15,13.8,-16.06,2.42,6.89
34.7,0,9.94,11.48,14,-10.61,3.7,7.22
34.8,0,13.55,12.71,14.97,-3.7,4.55,7.14
34.9,0,-4.31,8.08,12.94,-9.85,3.84,6.93
35,0,-13.06,6.24,11.94,-7.93,3.69,6.97
35.1,0,-5.83,7.5,12.16,-5.99,4.32,7.49
35.2,0,0.56,8.92,13.21,-16.67,2.24,6.65
35.3,0,6.07,10.15,13.69,-21.79,1.47,6.21
35.4,0,5.55,10.2,13.72,-15.44,3.61,8.14
35.5,0,-3.99,8.48,12.97,0.74,8.3,10.68
35.6,0,-4.33,7.8,12.16,-3.43,6.27,8.06
35.7,0,2.34,9.38,12.65,2.99,8.03,9.12
35.8,0,9.25,11.32,14.19,8.59,9.24,9.19
35.9,0,9.79,11.64,14.14,1.68,8.02,8.6
36,0,4.4,10.61,13.67,19.6,11.59,9.92
36.1,0,-3.55,8.81,13.27,38.56,16.56,13.55
36.2,0,-3.89,8.7,13.02,25.51,12.63,10.17
36.3,0,8.53,11.57,14.19,24.5,12.79,10.73
36.4,0,8.67,11.19,14.1,30.66,13.54,11.1
36.5,0,6.47,11.4,14.84,25.84,12.78,10.54
36.6,0,-0.83,9.92,14.08,19.85,11.26,9.98
36.7,0,1.83,10.01,13.42,22.99,11.78,9.98
36.8,0,8.31,11.59,14.72,26.38,11.79,10.01
36.9,0,12.74,12.72,15.23,24.2,11.02,9.72
37,0,13.67,13.17,15.42,11.5,8.64,8.96
37.1,0,7.58,11.86,15.46,-4.81,6.29,8.29
37.2,0,-0.75,10.21,14.96,-18.77,3.72,7.6
37.3,0,-3.24,9.46,14.52,-14.05,5.49,8.49
37.4,0,3.9,10.11,13.56,30.34,14.05,11.74
37.5,0,9.56,11.88,14.88,50.98,17.31,12.12
37.6,0,9.31,12.06,15.12,37.57,14.65,11.23
37.7,0,1.25,10.68,14.91,18.62,11.41,9.9
37.8,0,0.17,10.75,15.12,9.41,9.63,9.28
37.9,0,4.42,11.31,14.95,9.28,9.79,9.56
38,0,9.74,12.11,15.18,34.51,14.79,11.4
38.1,0,11.76,13.12,15.85,45.59,16.3,11.95
38.2,0,7.14,12.16,15.27,35.36,13.52,10.75
38.3,0,2.92,10.93,14.45,15.82,9.07,8.68
38.4,0,-0.23,10.13,14.4,-12.1,4,7.01
38.5,0,7.07,11.52,14.5,-20.3,2.67,7.18
38.6,0,14.34,13.85,16.08,-13.59,4.46,7.66
38.7,0,10.68,12.55,15.4,7.85,8.53,9.12
38.8,0,4.75,11.82,15.17,27.47,11.72,10.1
38.9,0,4.26,11.86,14.98,15.07,8.94,8.62
39,0,4.02,11.29,15.18,-10.19,4.21,7.46
39.1,0,12.72,13.32,15.81,-21.29,2,6.57
39.2,0,14,13.4,15.21,-29.62,1.32,6.91
39.3,0,5.85,11.95,15.16,-19.16,4.74,9.48
39.4,0,1.39,11.2,15.2,7.19,8.87,9.04
39.5,0,-3.47,9.63,14.34,23.34,11.47,9.95
39.6,0,2.27,10.92,15,6.55,8.18,8.76
39.7,0,14.27,13.97,16.32,-9.1,5.07,7.66
39.8,0,10.89,13.28,15.75,-11.12,5.21,7.96
39.9,0,2.38,11.21,14.94,3.51,8.19,9.2
40,0,4.29,11.96,15.6,11.46,9.38,9.17
40.1,0,0.28,10.75,15.2,16.8,10.19,9.56
40.2,0,8,12.26,15.56,6.3,8.15,8.67
40.3,0,15.76,14.04,15.95,-0.07,6.65,7.86
40.4,0,4.86,11.46,14.72,-2.75,6.12,7.59
40.5,0,-1.19,10.95,15.09,5.48,7.52,7.49
40.6,0,4.7,12.27,15.75,9.84,8.82,8.32
40.7,0,4.94,12.21,16.35,14.83,9.9,9.41
40.8,0,11.61,13.67,16.45,4.15,7.18,8.28
40.9,0,9.17,12.68,15.43,-7.45,5.02,8.01
41,0,-4.31,10.46,14.95,-28.01,1.3,6.63
41.1,0,0.55,12.23,16.76,-24.78,2.37,6.86
41.2,0,3.83,12.18,16.17,2.44,7.7,8.79
41.3,0,7.86,12.5,15.99,20.23,11.33,10.27
41.4,0,14.23,13.75,16.18,9.59,8.99,9.51
41.5,0,8.12,13.15,16.69,5.47,8.83,9.22
41.6,0,5.46,13.02,16.88,5.39,8.77,8.88
41.7,0,11,14.47,17.99,13.35,10.97,10
41.8,0,12.52,14.61,18.39,26.02,13.68,11.01
41.9,0,15.61,15.16,18.22,38.8,15.8,11.29
42,0,13.81,14.5,17.48,28.62,13.75,10.96
42.1,0,10.22,13.93,17.08,22.92,13.11,10.88
42.2,0,10.27,14.1,17.96,32.18,14.7,11.34
42.3,0,10.26,13.86,17.58,35.2,15.2,11.2
42.4,0,12.18,13.96,17.43,25.37,12.76,10.76
42.5,0,13.94,14.97,17.8,23.47,12.03,10.14
42.6,0,11.79,14.42,18.16,27.03,12.17,10.28
42.7,0,9.34,13.76,18.27,22.54,11.11,9.99
42.8,0,9.88,13.53,17.66,-4.06,5.6,8.19
42.9,0,10.44,14.21,19,-23.2,2.39,6.94
43,0,11.52,13.98,18.11,-22.84,3.22,7.38
43.1,0,13.56,14.29,17.96,-6.59,6.61,8.48
43.2,0,12.96,14.61,18.93,28.88,14.12,11.05
43.3,0,9.42,13.46,18.11,40.39,16.32,11.61
43.4,0,8.78,13.38,17.83,28.91,14.04,11.28
43.5,0,9.22,13.52,17.97,33.57,15.13,11.81
43.6,0,10.15,13.85,18.5,34.56,15.12,11.81
43.7,0,12.43,14.52,18.86,36.72,14.97,11.51
43.8,0,11.76,14.6,19.25,36.35,14.52,10.97
43.9,0,8.21,13.98,19.16,20.81,11.2,9.95
44,0,9.16,14.95,20.56,-0.2,6.91,8.29
44.1,0,8.92,14.29,19.22,-4.41,5.72,8.27
44.2,0,9.73,14.26,19.13,-6.49,5.38,7.92
44.3,0,11.67,14.89,19.94,-0.57,6.81,8.46
44.4,0,12.51,15.11,19.31,-6.56,5.79,8.05
44.5,0,11.23,15.06,20.06,-14.32,4.69,7.24
44.6,0,10.78,15.06,20.29,-13.33,6.16,8.65
44.7,0,10.83,14.94,20.22,13.9,11.63,10.6
44.8,0,11.58,16.01,21.59,41.6,17.08,12.3
44.9,0,12.58,15.83,20.63,42.89,17.16,12.08
45,0,13.57,16.28,21.04,35.38,15.6,11.72
45.1,0,11.26,16.03,21.57,42.43,16.37,11.89
45.2,0,10.28,16.19,21.89,23.25,11.66,10.34
45.3,0,8.76,15.29,21.16,-1.76,6.94,8.59
45.4,0,9.8,15.38,21.21,-5.82,6.37,8.59
45.5,0,12.24,16.36,21.78,4.21,8.58,9.29
45.6,0,13.39,17.38,22.61,16.67,11.27,10.45
45.7,0,12,17.7,23.64,18.52,11.6,10.47
45.8,0,12.88,17.93,23.47,23.72,12.76,10.44
45.9,0,12.65,17.7,22.91,18.93,12.24,10.39
46,0,13.67,18.17,23.88,8.07,10.59,10
46.1,0,15.88,19.63,25.31,24.32,14.02,11.65
46.2,0,14.01,19.42,25.09,53.76,19.31,13.26
46.3,0,11.99,19.11,25.23,33.98,15.34,11.61
46.4,0,13.02,19.55,25.32,31.64,15.09,11.68
46.5,0,14.24,20.36,26.29,42.58,16.81,12.34
46.6,0,15.97,21.27,27.8,22.45,12.71,10.76
46.7,0,17.46,22.19,28.13,4.99,9.18,9.68
46.8,0,16.91,22.4,28.01,22.17,12.98,11.11
46.9,0,18.13,23.29,29.32,41.84,16.54,12.26
47,0,18.72,23.84,29.88,23.51,12.33,11.04
47.1,0,20.15,24.72,30.87,20.44,11.88,10.79
47.2,0,20.95,25.74,32.11,9.11,9.91,9.71
47.3,0,21.44,26.5,33.18,0.09,7.88,9.21
47.4,0,19.9,26.89,33.95,-4.05,7.77,9.49
47.5,0,18.56,27.74,35.86,14.28,11.76,11.13
47.6,0,18.04,28.02,36.36,19.97,12.61,10.65
47.7,0,22.21,28.97,36.39,19.76,12.49,11.01
47.8,0,22.62,30.72,39.22,33.52,16.01,12.22
47.9,0,23.63,31.13,39.36,46.5,18.52,12.98
48,0,22.12,29.85,37.78,47.2,18.52,13.07
48.1,0,22.1,28.58,35.77,52.05,19.25,13.57
48.2,0,23.61,28.27,34.46,51.02,19.04,13.27
48.3,0,24.24,26.38,31.26,30.5,14.31,11.47
48.4,0,25.86,29.12,34.56,21.26,12.61,11.19
48.5,0,26.52,29.49,34.34,9.12,10.45,9.96
48.6,0,27.43,30.8,36.77,5.24,9.56,9.76
48.7,0,27.55,32.37,39.16,14.46,10.25,8.56
48.8,0,28.22,32.75,40.05,31.69,14.76,11.9
48.9,0,29.15,33.64,41.03,24.77,13.01,10.79
49,0,29.29,34,41.27,22.49,12.55,10.85
49.1,0,29.43,34.21,41.9,14.08,9.31,8.06
49.2,0,29.62,34.69,42.32,4.25,9.49,10.61
49.3,0,29.54,34.85,42.51,-9.11,6.26,9.27
49.4,0,28.74,33.06,39.78,-1.67,7.53,9.7
49.5,0,27.39,30.58,36.13,15.23,11.11,10.72
49.6,0,26.15,28.14,32.93,26.11,13.27,11.87
49.7,0,24.62,26.34,30.62,15.24,11.59,10.98
49.8,0,23.24,24.64,28.28,17.36,11.93,10.7
49.9,0,23.25,24.95,28.71,20.54,12.68,11
50,0,23,24.71,28.31,32.54,14.92,11.7
50.1,0,22.66,24.25,27.72,45.79,17.52,12.94
50.2,0,22.9,24.75,28.78,35.96,14.67,11.54
50.3,0,22.79,24.59,28.36,26.03,13.04,11.07
50.4,0,23.37,25.66,29.62,11.52,10.18,9.6
50.5,0,23.17,25.12,29.49,2.75,8.21,9
50.6,0,22.79,24.64,28.44,10.67,10.4,9.86
50.7,0,23.14,25.1,29.11,42.04,16.51,12.44
50.8,0,23.72,25.97,29.74,40.78,15.18,11.4
50.9,0,23.39,25.58,29.59,19.07,10.56,9.9
51,0,23.21,25.24,29.3,7.52,8.08,8.82
51.1,0,23.7,26.15,30.16,-4.88,5.24,7.32
51.2,0,23.77,26.3,30.49,-3.07,5.38,7.12
51.3,0,23.25,25.34,29.19,-3.81,5.52,7.61
51.4,0,22.66,24.3,27.96,18.02,10.05,9.13
51.5,0,23.14,24.61,28.44,23.78,10.98,9.16
51.6,0,22.42,23.45,26.75,11.74,8.9,8.66
51.7,0,22.26,23.41,27.02,14.36,10.38,9.11
51.8,0,22.47,23.83,27.61,43.31,16,11.15
51.9,0,21.83,23.14,26.8,50.48,17.2,10.93
52,0,21.76,23.33,26.7,45.44,16.02,11.21
52.1,0,21.89,23.45,27.26,34.03,14.04,10.23
52.2,0,22.03,23.92,27.83,33.28,13.76,10.18
52.3,0,21.82,23.6,27.47,28.24,12.83,9.68
52.4,0,21.73,23.67,27.49,30.83,13.46,10.17
52.5,0,21.7,23.63,27.74,32.18,13.41,10.41
52.6,0,22,23.75,27.49,34.61,13.85,10.61
52.7,0,21.88,23.71,27.64,27.77,12.7,10.01
52.8,0,21.73,23.45,27.35,25.26,12.19,9.77
52.9,0,21.64,23.87,27.86,31.65,13.36,10.07
53,0,21.63,23.82,27.79,36.95,14.4,10.86
53.1,0,21.71,23.68,27.53,28.5,11.96,9.26
53.2,0,24.23,28.2,34.4,38.54,13.28,9.52
53.3,0,24.43,28.31,34.07,18.41,8.95,8.78
53.4,0,24.75,29.28,36.08,-22.73,1.47,6.66
53.5,0,24.99,29.56,35.97,-24.2,1.19,6.43
53.6,0,24.98,29.48,36.06,-9.17,4.42,7.59
53.7,0,25,29.8,36.87,6.76,8.08,8.91
53.8,0,24.82,29.91,36.38,10.62,8.65,9.04
53.9,0,24.92,29.65,35.83,0.13,6.82,8.35
54,0,24.87,29.51,36.23,-9.2,5.68,8.32
54.1,0,25.03,29.72,36.4,-2.2,8.02,9.59
54.2,0,25.22,29.95,37.6,16.78,11.26,10.48
54.3,0,25.03,29.87,36.98,20.72,12.03,10.68
54.4,0,24.98,29.97,36.91,18.18,11.94,11.51
54.5,0,25.24,30.22,37.23,24.71,12.89,11.48
