,X,Y,Vel,Cov, 
0,13.9373,799.636,2903.28,1,
1,13.9894,799.59,2933.8,1,
2,26.0673,799.793,1048.4,1,
3,38.0605,799.21,2127.19,1,
4,23.5609,799.444,1315.93,1,
5,19.2565,799.459,2670.16,1,
6,28.0611,799.938,947.641,1,
7,10.0548,799.709,1153.63,1,
8,11.9844,799.622,2102.4,1,
9,10.162,799.631,1194.15,1,
10,36.7453,799.138,1852.85,1,
11,39.2188,799.138,2205.04,1,
12,13.7815,799.398,2884.89,0,
13,28.0802,799.677,970.015,1,
14,39.9833,799.117,2299.76,1,
15,8.00054,799.737,716.853,1,
16,9.99342,799.66,1122.91,1,
17,21.5572,799.478,1907.42,1,
18,21.9929,799.436,1744.9,1,
19,19.9922,799.49,2422.69,1,
20,12.0487,799.67,2203.45,1,
21,19.94,799.532,2462.34,1,
22,20.2025,799.538,2332.86,1,
23,9.9386,799.731,1101.79,1,
24,15.9415,799.604,3265.01,1,
25,16.0004,799.555,3277.27,1,
26,15.7785,799.373,3266.4,1,
27,0.171254,799.812,732.382,1,
28,17.9465,799.563,3240.82,1,
29,16.0589,799.621,3276.82,1,
30,18.2149,799.574,3062.59,1,
31,14.2055,799.643,2985.37,1,
32,18.008,799.513,3194.97,1,
33,17.8044,799.324,3271.58,1,
34,5.94461,799.589,531.578,1,
35,18.0615,799.58,3146.1,1,
36,52.5614,799.204,1814.65,0,
37,22.5494,799.337,1563.71,1,
38,-0.107631,799.897,749.439,1,
39,1.99233,799.806,687.304,1,
40,0.0588584,799.885,742.279,1,
41,38.1328,799.159,2134.42,1,
42,44.0725,799.19,1117.67,1,
43,-0.0154394,799.822,768.743,1,
44,35.9809,799.085,1735.04,1,
45,27.2368,799.834,983.795,1,
46,-6.15109,796.937,1043.86,0,
47,-4.40728,799.368,729.781,0,
48,-3.71242,799.706,570.601,1,
49,44.013,799.407,1136.61,1,
50,43.8064,799.435,1228.51,1,
51,1.93782,799.881,674.472,1,
52,27.5687,799.893,969.916,1,
53,36.0071,799.193,1728.11,1,
54,11.5613,799.665,1761.27,1,
55,8.00159,799.641,720.529,1,
56,9.93773,799.53,1121.74,1,
57,6.21933,799.527,540.533,1,
58,6.32881,799.769,537.697,1,
59,8.04988,799.773,727.599,1,
60,7.95066,799.774,707.11,1,
61,20.2874,799.435,2308.7,1,
62,3.86915,799.789,608.488,1,
63,2.05451,799.855,688.589,1,
64,2.16767,799.766,686.113,1,
65,7.55961,799.735,658.754,1,
66,16.3195,799.531,3288.99,1,
67,3.94411,799.839,605.922,1,
68,9.56275,799.706,1011.58,1,
69,21.7155,799.281,1857.66,1,
70,5.6695,799.714,537.224,1,
71,18.1348,799.527,3105.57,1,
72,5.86506,799.748,522.811,1,
73,5.84606,799.609,530.601,0,
74,12.7303,799.576,2509.34,1,
75,14.0146,799.476,2946.61,1,
76,21.9374,799.509,1772.65,1,
77,25.5741,799.703,1092.81,1,
78,45.8333,799.392,795.249,1,
79,36.0602,799.235,1736.13,1,
80,11.9357,799.692,2031.11,1,
81,36.1684,799.159,1755.76,1,
82,37.9455,799.191,2107.92,1,
83,8.11417,799.715,742.243,1,
84,39.6741,799.104,2263.8,1,
85,20.0522,799.548,2391.42,1,
86,23.9431,799.472,1237.25,1,
87,31.9868,799.617,1106.88,1,
88,34.0545,799.28,1312.17,1,
89,35.9468,799.257,1705.01,1,
90,26.0091,799.634,1062.12,1,
91,41.5786,799.124,2270.52,1,
92,32.202,799.636,1109.83,1,
93,30.0003,799.846,1070.33,1,
94,14.3061,799.529,3009.57,1,
95,33.9348,799.274,1289.8,1,
96,24.0639,799.462,1212.12,1,
97,40.2128,799.163,2286.16,1,
98,40.3221,799.08,2293.18,1,
99,38.006,799.141,2128.43,1,
100,44.0614,799.45,1092.02,1,
101,40.4343,799.133,2282.93,1,
102,46.0497,799.476,837.136,1,
103,33.9893,799.217,1305.6,1,
104,44.3238,799.445,1006.19,1,
105,38.214,799.205,2132.38,1,
106,38.1529,799.032,2144.96,1,
107,27.7099,799.731,976.989,0,
108,43.9517,799.462,1171.09,1,
109,41.6955,799.077,2270.68,1,
110,6.05486,799.465,545.033,1,
111,33.7529,799.057,1292.44,1,
112,43.9956,799.31,1147.14,0,
113,30.2081,799.884,1082.04,1,
114,40.3798,798.79,2328.12,1,
115,22.169,799.407,1650.16,1,
116,5.21304,799.759,566.382,1,
117,12.1478,799.591,2289.43,1,
118,24.1842,799.407,1202.42,1,
119,25.9518,799.798,1057.63,1,
120,28.3247,799.923,952.347,1,
121,16.2125,799.615,3279.65,1,
122,22.0555,799.486,1693.63,1,
123,26.0191,799.743,1055.5,1,
124,24.007,799.408,1229.47,1,
125,4.55641,799.662,607.595,1,
126,27.9475,799.953,951.495,1,
127,28.0086,799.894,951.786,1,
128,26.1834,799.729,1042.41,1,
129,34.027,799.079,1320.26,1,
130,43.2311,799.291,1510.52,1,
131,29.9438,799.891,1055.33,1,
132,39.4085,799.059,2240.04,1,
133,1.93288,799.67,692.553,1,
134,5.56033,799.77,545.623,1,
135,45.9497,799.476,804.652,1,
136,34.2098,799.272,1339.62,1,
137,44.1685,799.381,1050.52,1,
138,45.9608,799.113,889.219,0,
139,41.8771,799.105,2257.98,1,
140,49.8889,799.41,1627.86,0,
141,38.0594,799.014,2141.09,1,
142,16.0455,799.428,3286.93,1,
143,28.1691,799.866,951.557,1,
144,31.9353,799.667,1105.07,1,
145,20.0152,799.39,2415.51,1,
146,25.2418,799.614,1120.95,1,
147,23.8715,799.42,1255.58,1,
148,3.99573,799.797,615.113,1,
149,31.7659,799.469,1116.51,1,
150,30.0565,799.903,1073.71,1,
151,18.1537,799.397,3112.21,1,
152,50.0414,799.284,1650.94,0,
153,32.0515,799.668,1104.4,1,
154,30.2363,799.709,1088.3,1,
155,32.0116,799.506,1115.59,1,
156,32.1994,799.454,1128.41,0,
157,30.0433,799.738,1076.52,1,
158,11.2138,799.643,1576.48,1,
159,11.7166,799.478,1890.13,1,
160,8.3184,799.669,784.897,1,
161,1.68015,799.272,716.471,1,
162,1.21339,799.837,666.351,1,
163,1.56071,799.855,665.873,1,
164,3.83629,799.668,617.61,1,
165,3.23322,799.813,619.262,1,
166,35.23,799.202,1539.53,1,
167,35.5856,799.206,1619.47,1,
168,43.3686,798.635,1438.8,1,
169,43.653,798.616,1315.54,1,
170,13.8248,799.562,2872.46,1,
171,15.9364,799.316,3291.72,1,
172,9.72465,799.52,1062.32,0,
173,11.924,799.492,2075.87,1,
174,19.8333,799.465,2501.76,1,
175,21.9354,799.296,1765.7,1,
176,15.8287,799.534,3254.11,1,
177,17.5905,799.254,3296.04,1,
178,8.08852,799.378,754.174,1,
179,19.7991,799.325,2503.97,1,
180,3.67234,799.766,611.882,1,
181,29.8392,799.823,1044.44,1,
182,38.9946,799.042,2204.43,1,
183,39.4153,798.871,2270.53,1,
184,24.337,799.501,1188.2,1,
185,26.3327,799.803,1025.42,1,
186,31.2334,799.674,1108.99,1,
187,31.8186,799.612,1108.56,1,
188,33.4453,799.213,1252.39,1,
189,41.7665,798.965,2290.46,1,
190,10.3239,799.698,1233.4,1,
191,0.529888,799.76,707.814,1,
192,2.32983,799.836,667.178,1,
193,34.1271,799.086,1338.42,1,
194,37.325,798.446,2056.52,1,
195,21.3918,799.373,1960.17,1,
196,15.2396,799.55,3180.92,1,
197,9.21612,799.691,941.675,1,
198,23.9603,799.274,1246.51,1,
199,43.7533,799.334,1259.56,1,
200,21.2096,799.465,2007.77,1,
201,17.2493,799.503,3282.24,1,
202,18.0603,799.382,3178.96,1,
203,5.60045,799.395,563.964,0,
204,35.3424,798.505,1661.05,1,
205,45.2363,799.414,812.262,1,
206,25.7298,799.548,1083.36,1,
207,27.989,799.79,960.79,1,
208,27.83,799.711,975.076,1,
209,28.2077,799.71,965.101,1,
210,11.3994,799.336,1721.14,1,
211,30.7502,799.754,1103.57,1,
212,32.7321,799.434,1165.51,1,
213,13.2434,799.562,2701.43,1,
214,3.96177,799.434,649.025,1,
215,10.0559,798.656,1247.39,1,
216,-0.0526554,799.668,780.725,1,
217,8.75479,799.296,885.209,1,
218,3.01163,799.646,639.371,1,
219,5.80468,798.566,679.973,1,
220,35.7886,799.045,1692.69,1,
221,37.003,798.98,1930.35,1,
222,18.3241,799.489,3027.64,1,
223,42.7911,799.218,1679.2,1,
224,14.4256,799.581,3045.99,1,
225,9.78425,799.731,1060.98,1,
226,21.7824,799.508,1829.32,1,
227,20.4099,799.482,2247.54,1,
228,16.4319,799.58,3288.89,1,
229,18.4342,799.539,2966.73,1,
230,39.7844,799.177,2263.81,1,
231,4.40883,799.776,607.338,1,
232,38.3215,799.124,2147.54,1,
233,14.1078,799.486,2971.67,1,
234,43.8998,799.41,1198.19,1,
235,25.7958,799.759,1071.49,1,
236,27.7908,799.929,956.568,1,
237,30.1325,799.748,1080.74,1,
238,32.1032,799.507,1117.66,1,
239,11.7823,799.692,1905.03,1,
240,7.92081,799.619,706.894,1,
241,1.78315,799.881,664.276,1,
242,3.78337,799.844,604.276,1,
243,35.7957,799.253,1669.03,1,
244,40.1174,799.106,2296.99,1,
245,14.1159,799.6,2968.89,1,
246,9.672,799.652,1044.69,1,
247,9.86452,799.681,1083.79,1,
248,21.6646,799.422,1864.16,1,
249,21.8614,799.456,1803.21,1,
250,20.1027,799.399,2374.92,1,
251,20.113,799.498,2366.27,1,
252,16.1415,799.443,3290.14,1,
253,16.1298,799.569,3281.48,1,
254,17.8401,799.49,3262.84,1,
255,19.9287,799.292,2452.93,1,
256,4.20104,799.836,610.935,1,
257,2.55824,799.66,671.427,1,
258,37.8395,799.113,2086.5,1,
259,41.3268,798.342,2438.75,1,
260,43.6508,799.29,1325.1,1,
261,43.9157,799.318,1188.28,0,
262,25.695,799.666,1082.52,1,
263,25.8893,799.73,1064.19,1,
264,27.6845,799.846,966.865,1,
265,27.88,799.893,957.077,1,
266,30.3016,799.805,1088.19,1,
267,30.1228,799.853,1079.21,1,
268,32.283,799.544,1121.2,1,
269,32.1118,799.612,1109.84,1,
270,11.6686,799.61,1850.2,1,
271,11.8596,799.642,1968.66,1,
272,7.67871,799.672,677.233,1,
273,7.7941,799.754,686.426,1,
274,1.66886,799.8,671.167,1,
275,1.86263,799.829,673.155,1,
276,3.56397,799.819,611.298,1,
277,3.93042,799.616,629.84,1,
278,35.7064,799.154,1658.52,1,
279,35.8842,799.208,1691.33,1,
280,41.487,798.849,2314.36,1,
281,42.056,798.913,2172.42,1,
282,23.7343,799.252,1300.59,1,
283,22.3301,799.476,1596.0,1,
284,41.9975,799.099,2241.34,1,
285,34.1226,799.223,1329.18,1,
286,26.0506,799.377,1077.14,1,
287,43.0222,799.159,1594.19,1,
288,38.3655,798.845,2186.91,1,
289,33.8156,799.22,1280.08,1,
290,33.9267,798.732,1355.37,1,
291,41.3385,799.117,2282.6,1,
292,23.6727,799.388,1291.3,1,
293,42.054,799.145,2159.98,1,
294,34.317,799.177,1364.58,1,
295,34.4322,799.231,1389.82,1,
296,23.2242,799.446,1383.86,1,
297,23.7868,799.471,1265.38,1,
298,-3.89936,799.855,595.587,1,
299,-0.549497,799.537,738.851,1,
300,43.5539,799.366,1379.32,1,
301,29.8153,799.673,1058.79,1,
302,44.9834,799.271,851.29,1,
303,12.3157,799.657,2346.05,1,
304,36.3249,799.22,1766.11,1,
305,19.6767,799.527,2536.95,1,
306,39.8631,799.13,2280.67,1,
307,24.082,799.162,1248.13,1,
308,26.1095,799.525,1064.54,1,
309,10.0337,799.403,1156.47,1,
310,10.9024,798.712,1564.45,1,
311,0.329063,799.884,704.245,1,
312,7.70695,799.523,686.903,1,
313,15.6705,799.603,3231.04,1,
314,4.98562,799.653,585.885,1,
315,17.6769,799.562,3262.3,1,
316,9.19663,799.265,973.519,1,
317,31.6667,799.69,1106.73,1,
318,33.6642,799.319,1258.28,1,
319,34.6906,797.699,1716.94,1,
320,27.8938,799.791,964.154,1,
321,19.0361,799.351,2770.66,1,
322,22.0464,799.163,1739.13,1,
323,-0.998733,799.647,698.665,1,
324,28.0141,799.546,986.384,1,
325,29.6787,799.888,1029.63,1,
326,44.0022,799.079,1153.49,1,
327,45.6669,799.462,776.339,1,
328,12.0093,799.37,2153.41,1,
329,13.6708,799.63,2829.71,1,
330,36.0718,798.967,1765.33,1,
331,37.6773,799.187,2042.95,1,
332,18.5888,799.423,2914.27,1,
333,42.2911,798.636,2014.06,1,
334,38.041,798.699,2183.12,1,
335,25.6572,799.409,1094.39,1,
336,24.4757,799.209,1204.32,1,
337,27.4305,799.774,982.139,1,
338,26.548,799.676,1026.79,1,
339,11.4002,799.555,1683.09,1,
340,10.4011,799.384,1263.68,1,
341,6.16986,799.701,528.463,1,
342,12.1312,798.619,2266.13,1,
343,0.0752764,799.562,786.84,1,
344,1.71774,799.663,683.52,0,
345,4.01489,799.696,622.991,1,
346,7.40101,799.634,644.876,1,
347,15.0215,799.449,3153.86,1,
348,14.5826,799.474,3090.08,1,
349,9.40387,799.607,985.401,1,
350,7.83992,799.192,721.881,1,
351,17.0281,799.4,3302.84,1,
352,16.5857,799.47,3299.82,1,
353,5.7255,799.574,541.645,0,
354,2.13153,799.032,770.818,1,
355,30.9836,799.593,1112.95,1,
356,30.5438,799.71,1100.93,1,
357,32.9632,799.241,1202.61,1,
358,32.5131,799.4,1149.12,1,
359,40.9418,799.038,2290.48,1,
360,41.2117,799.038,2294.28,1,
361,42.132,799.105,2084.28,1,
362,43.8442,799.255,1218.58,0,
363,26.4502,799.506,1049.31,1,
364,26.2356,799.57,1053.63,1,
365,22.2174,799.223,1667.06,1,
366,22.4478,799.156,1614.35,1,
367,0.964215,799.719,687.68,1,
368,1.3991,799.752,676.246,1,
369,27.8592,799.579,984.943,1,
370,28.5218,799.785,965.498,1,
371,29.0095,799.701,1000.25,1,
372,28.4104,799.633,975.452,1,
373,43.7236,799.025,1251.39,1,
374,44.5208,799.311,969.612,1,
375,44.3995,799.145,1000.47,1,
376,43.8538,799.136,1208.0,1,
377,12.1687,799.422,2271.97,1,
378,12.3669,799.338,2377.42,1,
379,12.9737,799.418,2617.9,1,
380,12.496,799.504,2409.76,1,
381,36.2061,798.999,1779.61,1,
382,36.4079,798.912,1816.31,1,
383,39.5647,799.153,2243.44,1,
384,36.5202,799.069,1807.78,1,
385,43.4101,799.248,1435.99,1,
386,43.6115,799.1,1333.41,1,
387,27.6336,799.606,989.155,0,
388,27.7348,799.499,996.08,1,
389,39.6074,798.084,2427.69,1,
390,-0.236661,799.806,743.218,1,
391,45.4532,799.336,797.279,1,
392,27.47,799.603,995.067,0,
393,29.2624,799.827,1007.44,1,
394,-0.207211,799.65,764.012,1,
395,-0.412364,799.871,721.478,1,
396,44.7471,799.387,905.544,1,
397,44.1971,799.218,1055.13,1,
398,27.0801,799.412,1025.27,1,
399,30.0352,799.479,1093.18,1,
400,-0.801276,799.417,735.081,1,
401,-0.213241,799.273,807.027,1,
402,46.1303,799.331,903.232,0,
403,38.9879,798.818,2238.73,1,
404,18.268,799.361,3056.11,1,
405,18.0087,799.046,3211.76,1,
406,18.7796,799.502,2834.33,1,
407,37.9705,798.889,2148.58,1,
408,44.1489,798.376,1148.27,0,
409,38.2666,798.999,2159.44,0,
410,14.223,799.417,2999.23,1,
411,13.9889,799.177,2968.65,1,
412,14.7819,799.584,3115.47,1,
413,9.84217,799.55,1089.01,0,
414,5.78417,799.801,526.28,1,
415,4.09682,799.697,620.422,1,
416,21.8373,799.316,1809.65,1,
417,20.5535,799.368,2196.51,1,
418,21.1687,799.014,2044.02,1,
419,20.2021,799.337,2346.98,1,
420,19.9836,799.148,2434.94,1,
421,20.7686,799.467,2125.71,1,
422,16.2561,799.407,3300.19,1,
423,15.9695,799.109,3318.51,1,
424,16.7788,799.548,3290.46,1,
425,1.59973,799.508,698.86,1,
426,8.4049,799.403,812.588,0,
427,7.2164,799.722,620.455,1,
428,25.9126,799.627,1067.96,1,
429,24.5609,799.399,1181.49,1,
430,24.2491,799.241,1216.99,1,
431,29.963,799.632,1079.0,1,
432,31.9339,799.26,1142.8,1,
433,30.3008,799.587,1096.02,1,
434,30.4913,799.559,1103.97,1,
435,30.4186,799.834,1092.88,1,
436,31.9073,799.412,1123.14,1,
437,33.9098,798.973,1320.79,1,
438,32.2287,799.326,1147.88,0,
439,32.4194,799.253,1161.02,0,
440,32.406,799.565,1130.06,1,
441,11.8326,799.511,1976.53,1,
442,10.5165,799.557,1288.85,1,
443,10.1966,799.455,1202.26,1,
444,5.99694,799.727,519.411,1,
445,7.85672,799.509,704.226,1,
446,6.75409,799.707,575.615,1,
447,1.83652,799.693,680.821,0,
448,0.750826,799.827,682.05,1,
449,0.224888,799.643,751.491,1,
450,8.08188,799.62,739.974,1,
451,3.42219,799.73,622.454,1,
452,2.02894,799.526,716.563,1,
453,35.8915,799.1,1706.23,1,
454,34.5924,799.112,1428.93,1,
455,35.4406,799.098,1592.59,1,
456,39.9774,798.686,2348.33,1,
457,38.9648,798.259,2332.2,1,
458,39.9291,799.0,2307.17,1,
459,19.5989,799.242,2554.01,1,
460,21.9925,798.923,1785.58,1,
461,37.4849,799.037,2029.77,1,
462,39.5659,797.027,2732.96,1,
463,25.854,799.538,1077.96,1,
464,25.8916,799.398,1083.36,1,
465,9.70587,799.158,1094.04,1,
466,10.1686,798.959,1232.84,1,
467,4.77258,799.764,589.436,1,
468,7.88643,799.715,700.076,1,
469,1.38924,799.543,696.979,1,
470,42.4188,798.85,1933.56,1,
471,15.5599,799.311,3252.09,0,
472,17.9631,799.266,3234.56,1,
473,3.1369,797.658,935.662,1,
474,6.26102,799.029,598.256,1,
475,17.001,799.188,3340.02,1,
476,20.3165,799.03,2308.5,1,
477,4.28487,799.729,614.316,1,
478,-0.400797,798.948,831.291,1,
479,31.5473,799.421,1121.91,1,
480,33.5327,799.021,1280.23,1,
481,21.5858,799.099,1901.41,1,
482,22.5373,798.859,1629.8,1,
483,27.7277,799.313,1014.96,1,
484,31.9344,798.896,1182.88,1,
485,11.6085,799.313,1850.15,1,
486,13.9192,799.358,2934.0,1,
487,14.4261,799.058,3080.99,1,
488,14.9399,799.173,3168.22,1,
489,35.6529,798.762,1682.71,1,
490,41.2382,798.59,2373.91,1,
491,33.2488,797.654,1520.61,1,
492,41.8724,797.991,2384.77,1,
493,41.9435,799.149,2248.7,1,
494,27.917,799.213,1022.52,1,
495,28.7471,799.849,976.659,1,
496,25.4409,799.57,1106.87,1,
497,25.7665,799.301,1095.08,1,
498,25.4892,799.394,1107.04,1,
499,25.7586,799.086,1112.08,1,
500,26.3301,799.145,1095.36,1,
501,26.13,799.182,1091.07,1,
502,30.3944,799.239,1111.37,1,
503,31.4501,799.581,1111.87,1,
504,32.1677,799.009,1175.27,1,
505,33.2311,799.332,1219.43,1,
506,42.1713,798.985,2080.3,0,
507,48.5397,799.26,1488.21,0,
508,40.7686,799.121,2272.94,1,
509,35.1772,798.278,1671.09,1,
510,43.4458,799.07,1418.91,1,
511,34.2464,799.041,1369.65,1,
512,35.2621,798.749,1600.4,1,
513,34.7852,799.202,1457.73,1,
514,23.8582,799.285,1266.75,1,
515,23.4101,799.357,1354.91,1,
516,23.3754,799.125,1380.47,1,
517,23.1088,799.08,1444.55,1,
518,23.7346,798.838,1354.79,1,
519,32.1097,799.216,1155.01,1,
520,35.8059,798.859,1718.72,1,
521,38.5833,799.069,2173.16,1,
522,41.0982,799.123,2283.71,1,
523,26.7652,799.764,1006.11,1,
524,27.002,799.673,1003.78,1,
525,30.5786,799.316,1112.67,1,
526,28.71,799.278,1022.03,1,
527,18.2437,799.001,3097.8,1,
528,19.4832,799.385,2587.05,1,
529,41.1951,798.884,2316.69,1,
530,38.4325,799.172,2151.74,1,
531,14.1996,799.225,3016.21,1,
532,15.46,799.475,3221.21,1,
533,8.77629,799.701,869.693,1,
534,8.58874,799.625,841.162,1,
535,20.9782,799.356,2073.75,1,
536,21.3695,799.135,1966.63,1,
537,20.1695,799.184,2359.87,1,
538,20.5402,799.117,2218.15,1,
539,16.2208,799.054,3343.79,1,
540,17.4762,799.423,3283.17,1,
541,6.9705,799.599,604.965,1,
542,4.05162,799.848,613.022,1,
543,24.7739,799.509,1158.21,1,
544,25.0157,799.438,1142.58,1,
545,10.7426,799.628,1378.45,1,
546,10.9564,799.51,1489.03,1,
547,2.77841,799.743,643.65,1,
548,7.39484,799.439,656.139,1,
549,0.433522,799.593,738.274,1,
550,1.2048,799.402,716.412,1,
551,3.42451,799.516,637.082,1,
552,2.44212,799.469,704.864,1,
553,35.0151,799.089,1510.38,1,
554,35.4448,798.891,1620.15,1,
555,39.7455,798.636,2335.65,1,
556,37.811,798.939,2104.97,1,
557,34.3541,798.837,1407.86,1,
558,34.5848,798.854,1449.16,1,
559,22.7693,799.409,1487.34,1,
560,22.9935,799.315,1434.23,1,
561,42.2197,799.173,2015.09,1,
562,42.6107,799.11,1780.54,1,
563,-0.335456,799.488,769.453,1,
564,4.1957,799.629,624.811,1,
565,28.0791,799.365,1007.76,1,
566,29.4911,799.752,1026.74,1,
567,43.788,798.839,1232.92,1,
568,43.9975,798.884,1154.28,1,
569,-0.596954,799.765,719.71,1,
570,45.7637,799.175,837.365,0,
571,46.364,799.405,989.902,0,
572,9.96049,799.183,1154.09,1,
573,13.4642,799.481,2791.78,1,
574,43.2937,798.894,1480.32,1,
575,37.2576,799.121,1964.39,1,
576,30.2232,799.457,1099.71,1,
577,30.8645,799.306,1126.43,1,
578,32.3878,799.033,1188.55,1,
579,32.5747,798.843,1231.53,1,
580,42.4824,798.384,1919.96,1,
581,42.3394,799.113,1954.09,1,
582,41.3419,798.769,2332.92,1,
583,39.6257,798.846,2295.96,0,
584,25.9631,798.988,1113.84,1,
585,27.3543,799.402,1016.43,1,
586,25.097,799.177,1148.91,1,
587,27.0306,798.967,1088.77,1,
588,18.3607,799.203,3032.27,1,
589,17.3341,798.916,3361.1,1,
590,40.1395,798.971,2310.5,1,
591,39.7282,798.984,2283.65,1,
592,14.651,799.196,3113.17,1,
593,15.7877,798.631,3367.99,1,
594,6.48691,796.309,1215.18,1,
595,7.62938,798.72,734.796,1,
596,16.3531,799.243,3322.82,1,
597,16.5702,799.258,3323.02,1,
598,5.2205,798.196,759.927,1,
599,3.84494,798.44,786.59,1,
600,24.3241,798.734,1280.39,1,
601,25.3714,799.177,1124.53,1,
602,4.97422,799.443,602.408,0,
603,11.7098,799.099,1948.25,1,
604,8.1805,799.24,781.596,1,
605,5.07644,798.524,709.133,1,
606,0.0429362,799.329,822.016,1,
607,8.44215,799.045,837.182,1,
608,8.58336,799.441,846.167,1,
609,3.72254,799.062,696.58,1,
610,41.4671,799.043,2288.13,1,
611,36.1795,798.034,1962.3,1,
612,22.2529,798.686,1754.06,1,
613,23.5878,799.075,1345.1,1,
614,42.5886,796.672,2092.32,0,
615,1.41859,795.219,1765.8,1,
616,28.2793,799.304,1015.18,1,
617,29.6172,799.598,1049.1,1,
618,42.4447,799.182,1862.37,1,
619,45.5337,799.122,830.296,1,
620,35.3446,797.936,1785.9,1,
621,50.3866,798.929,1681.53,0,
622,3.16395,799.429,655.745,1,
623,13.5709,799.314,2846.47,0,
624,43.049,798.94,1588.93,1,
625,42.3036,798.98,1988.27,1,
626,38.5712,798.867,2197.69,1,
627,41.0545,798.811,2326.7,1,
628,-3.09293,799.537,575.223,1,
629,-3.92774,799.265,665.829,1,
630,41.0412,798.628,2354.33,1,
631,40.0141,798.909,2324.05,1,
632,41.6756,798.331,2451.64,1,
633,40.0327,797.943,2493.42,1,
634,38.4227,798.364,2241.14,1,
635,39.0263,797.481,2541.23,1,
636,18.6751,796.462,3311.72,1,
637,44.7897,798.406,1008.53,0,
638,43.6361,797.987,1414.61,0,
639,8.16038,796.873,1164.5,1,
640,-5.03009,799.027,832.337,0,
641,-3.37973,799.846,549.081,1,
642,51.5119,799.281,1763.18,0,
643,11.9482,799.144,2115.88,1,
644,20.7022,794.826,3211.42,1,
645,-0.210323,798.091,988.989,1,
646,1.44705,799.002,742.558,1,
647,3.60843,799.483,637.426,1,
648,15.4927,799.073,3271.6,1,
649,18.5715,799.216,2946.04,0,
650,17.124,799.011,3364.35,1,
651,20.2245,798.782,2368.0,1,
652,8.78689,798.454,993.194,1,
653,4.53316,798.099,801.453,1,
654,31.5203,799.18,1139.51,1,
655,33.4505,798.783,1303.92,1,
656,21.7051,798.872,1881.64,1,
657,24.0508,798.906,1289.42,1,
658,29.6448,799.346,1072.82,1,
659,31.154,799.069,1151.42,1,
660,3.10402,798.243,840.617,1,
661,3.71448,799.643,621.704,1,
662,36.1599,798.569,1840.75,1,
663,46.3547,797.664,1315.32,0,
664,41.6695,798.818,2328.95,1,
665,39.2189,798.726,2277.35,1,
666,28.2227,798.903,1067.63,1,
667,28.4643,799.451,1004.04,1,
668,13.5406,799.058,2863.58,1,
669,12.9322,799.073,2649.88,1,
670,19.4086,798.851,2666.18,1,
671,17.5467,799.026,3325.65,1,
672,5.53931,797.406,920.956,1,
673,7.8993,798.765,775.491,1,
674,33.1565,798.696,1290.87,1,
675,40.5778,799.043,2290.35,1,
676,21.778,798.275,1969.01,1,
677,25.5315,798.978,1135.62,1,
678,37.0008,798.671,1976.24,0,
679,49.6799,799.269,1605.1,0,
680,44.1929,798.74,1099.54,1,
681,41.8496,797.166,2420.96,1,
682,40.2134,798.591,2360.8,1,
683,26.9352,799.219,1059.82,1,
684,27.5108,799.22,1030.26,1,
685,43.1134,798.368,1563.5,1,
686,42.8173,798.486,1713.6,1,
687,43.2153,798.038,1561.02,0,
688,40.8312,798.576,2365.72,1,
689,-4.12899,799.426,682.832,1,
690,-4.05673,799.727,655.221,1,
691,-2.61321,799.68,586.521,1,
692,5.38249,799.433,573.143,0,
693,51.0878,799.083,1736.7,0,
694,8.29124,799.531,784.733,1,
695,8.66633,799.051,889.147,1,
696,0.658467,798.734,817.879,1,
697,0.965492,799.494,715.55,1,
698,1.1822,799.097,740.159,1,
699,16.5697,798.743,3402.72,1,
700,16.7362,799.123,3349.39,1,
701,18.6613,798.77,2939.98,1,
702,18.7266,799.056,2897.55,1,
703,4.5576,799.416,626.577,1,
704,4.31049,799.298,650.302,1,
705,31.7655,799.076,1152.79,1,
706,34.1985,798.628,1405.9,1,
707,29.353,798.789,1145.03,1,
708,30.1896,798.736,1192.2,1,
709,20.9596,799.143,2089.54,1,
710,21.0778,798.759,2081.37,1,
711,29.9151,799.268,1100.96,1,
712,30.1866,799.092,1126.35,1,
713,29.3531,799.182,1066.56,1,
714,28.9719,798.604,1153.26,1,
715,10.9584,799.258,1526.46,1,
716,11.215,799.172,1643.71,1,
717,35.043,798.843,1535.3,1,
718,34.8593,798.377,1587.99,1,
719,36.0248,797.423,2090.72,1,
720,39.5691,798.427,2358.45,1,
721,27.9816,798.96,1055.65,1,
722,28.9939,799.379,1017.11,1,
723,2.20155,799.572,708.179,1,
724,11.2325,798.838,1692.15,1,
725,19.0004,799.112,2814.12,1,
726,19.1427,798.885,2777.2,1,
727,6.78732,799.151,616.925,1,
728,43.3263,797.273,1661.85,0,
729,41.8731,798.994,2273.43,1,
730,41.7919,799.148,2255.29,1,
731,22.9043,798.802,1540.3,1,
732,23.5878,798.47,1446.25,1,
733,43.8186,798.297,1280.24,0,
734,49.3576,799.409,1577.82,0,
735,39.2529,798.491,2322.88,1,
736,27.2604,798.817,1098.7,1,
737,-4.74434,799.799,778.389,0,
738,50.4951,799.226,1687.4,0,
739,29.7544,798.533,1227.76,1,
740,47.1858,799.078,1284.37,0,
741,39.8423,799.012,2290.46,1,
742,44.4495,798.165,1119.35,0,
743,45.4306,798.584,954.993,0,
744,-5.50002,799.729,873.021,0,
745,-4.25737,799.871,692.264,1,
746,50.2525,799.424,1669.07,0,
747,-4.50169,799.67,732.635,0,
748,49.6045,798.988,1610.01,0,
749,50.7426,799.352,1711.87,0,
750,41.624,797.571,2536.68,1,
751,36.4338,798.653,1873.46,1,
752,26.5093,799.325,1071.12,1,
753,26.0536,798.69,1145.24,1,
754,24.582,798.957,1222.93,1,
755,24.8986,798.911,1192.79,1,
756,-0.83459,799.861,699.35,1,
757,-1.41414,799.759,670.38,1,
758,26.343,798.66,1146.64,1,
759,26.699,799.211,1075.88,1,
760,39.1666,797.949,2426.32,1,
761,44.7417,798.777,965.691,1,
762,3.1109,799.119,700.057,1,
763,5.5862,798.871,641.404,0,
764,10.7306,797.154,1784.41,1,
765,9.50534,798.24,1185.24,1,
766,5.93922,799.8,516.321,1,
767,10.7137,799.025,1461.69,1,
768,16.645,798.493,3433.62,1,
769,19.8575,798.982,2492.21,1,
770,16.7465,798.903,3378.59,1,
771,17.0444,798.616,3405.16,1,
772,18.3891,798.728,3065.87,1,
773,18.9006,798.636,2862.19,1,
774,6.19749,798.668,655.678,1,
775,5.09588,799.067,628.376,1,
776,20.7367,799.003,2152.35,1,
777,20.7867,798.751,2151.27,1,
778,7.4832,798.997,697.722,1,
779,4.11099,799.798,614.779,1,
780,34.8055,798.699,1515.88,1,
781,34.266,798.276,1493.59,1,
782,37.8738,798.463,2185.65,1,
783,40.3527,798.258,2418.26,1,
784,28.3583,799.094,1042.84,1,
785,28.6773,798.783,1102.9,1,
786,28.3858,798.668,1107.3,1,
787,28.6306,799.05,1054.74,1,
788,37.1886,798.055,2117.26,1,
789,41.9602,798.987,2259.32,1,
790,-7.56847,799.579,1037.93,0,
791,6.5329,799.637,555.566,1,
792,50.0997,798.987,1656.16,0,
793,50.5902,798.556,1701.35,0,
794,25.4628,798.604,1177.82,1,
795,27.88,798.364,1142.48,1,
796,-3.66853,799.417,612.747,1,
797,13.6553,798.283,3024.28,1,
798,26.4525,798.922,1118.16,1,
799,26.6584,798.956,1101.56,1,
800,26.8805,798.512,1147.74,1,
801,26.8272,798.824,1111.11,1,
802,26.6021,798.383,1181.39,1,
803,27.4931,798.935,1066.56,1,
804,10.6852,798.284,1552.64,1,
805,9.61203,799.369,1053.77,1,
806,9.20986,798.964,1003.08,1,
807,39.9701,795.848,3191.41,1,
808,-0.774791,799.043,773.937,1,
809,30.9135,797.417,1429.49,1,
810,16.3053,798.802,3386.1,1,
811,16.9024,798.44,3437.86,1,
812,16.9166,798.112,3472.35,1,
813,21.5669,798.557,1971.09,1,
814,8.35215,799.251,810.184,1,
815,7.94892,799.037,760.518,1,
816,18.1484,798.42,3175.74,1,
817,23.9325,798.1,1453.02,1,
818,7.64411,799.197,696.335,1,
819,16.2104,798.3,3450.5,1,
820,33.6877,798.578,1354.5,1,
821,35.6026,798.511,1715.94,0,
822,40.74,798.753,2329.35,1,
823,45.9791,795.363,1814.11,0,
824,27.7746,798.775,1085.1,1,
825,32.1889,797.999,1340.41,1,
826,9.0865,798.126,1107.53,1,
827,44.8835,797.049,1440.29,0,
828,-5.07764,799.528,827.004,0,
829,5.72519,799.172,592.198,1,
830,47.5802,799.315,1354.27,0,
831,52.0732,798.935,1790.06,0,
832,25.7804,798.415,1193.59,1,
833,28.5283,798.05,1238.08,1,
834,27.1775,798.471,1143.83,1,
835,27.5156,798.177,1191.05,1,
836,0.331635,797.832,1042.06,1,
837,-1.22238,798.804,762.886,1,
838,2.2885,798.322,866.389,1,
839,37.4674,797.676,2274.97,1,
840,7.25125,799.057,664.217,1,
841,25.7171,796.738,1561.61,1,
842,15.7445,798.928,3322.12,1,
843,16.0972,798.56,3402.76,1,
844,1.57623,798.642,799.787,1,
845,16.4937,798.292,3461.82,1,
846,6.63095,797.387,908.154,1,
847,17.2653,798.046,3475.12,1,
848,16.6508,798.011,3492.71,1,
849,17.8004,798.523,3313.47,1,
850,20.2078,798.272,2438.09,1,
851,21.234,798.513,2071.92,1,
852,39.9502,793.362,3721.23,1,
853,4.58834,798.823,682.855,1,
854,25.6187,797.503,1408.23,1,
855,13.8209,798.96,2955.03,1,
856,46.9624,796.931,1516.92,0,
857,44.1188,797.396,1405.52,0,
858,7.36749,798.384,751.017,1,
859,6.35396,797.858,797.67,1,
860,29.9942,797.31,1463.55,1,
861,28.7023,796.575,1623.53,1,
862,7.58168,799.39,679.574,1,
863,4.76237,799.308,622.58,1,
864,16.9639,798.83,3382.42,1,
865,17.2884,798.634,3392.8,1,
866,10.995,797.83,1782.12,1,
867,10.2257,798.259,1356.61,1,
868,4.14513,799.446,640.758,1,
869,5.39837,799.667,561.593,1,
870,20.6263,796.037,2857.5,1,
871,43.517,796.24,1868.26,0,
872,1.94056,799.284,732.418,1,
873,5.24929,798.831,655.293,1,
874,5.14956,796.514,1160.18,1,
875,8.33088,798.393,920.104,1,
876,7.22532,799.305,644.574,1,
877,2.0003,798.66,807.585,1,
878,2.71602,798.479,813.517,1,
879,43.1361,796.72,1856.36,0,
880,20.2747,796.583,2816.3,1,
881,6.52171,799.205,584.248,1,
882,2.8358,796.189,1402.49,1,
883,6.94562,798.529,691.659,1,
884,22.0285,797.023,2206.37,1,
885,3.7238,797.515,955.835,1,
886,20.3314,795.334,3131.42,1,
887,10.4463,799.107,1312.06,1,
888,4.01384,796.914,1110.45,1,
889,0.896253,799.021,765.157,1,
890,9.27093,797.289,1291.57,1,
891,1.29395,798.228,872.079,1,
892,8.15677,798.694,835.444,1,
893,19.6711,795.299,3350.81,1,
894,46.8257,793.159,2137.95,0,
895,11.9903,797.543,2305.06,1,
896,8.90107,798.83,959.553,1,
897,3.41057,798.899,718.755,0,
898,28.4224,795.567,1978.68,1,
899,37.5892,796.633,2595.79,1,
900,26.3524,795.065,2165.53,1,
901,8.60392,796.438,1358.96,1,
902,29.7155,794.517,2350.25,1,
903,40.7943,794.667,3190.12,1,
904,49.98,791.556,2154.43,0,
905,4.09142,798.041,850.839,1,
906,4.8864,797.866,827.82,1,
907,4.81295,799.062,642.314,1,
908,0.756293,799.311,743.652,1,
909,0.277533,798.842,839.406,1,
910,3.44444,798.499,780.385,0,
911,45.8496,796.859,1471.0,0,
912,0.50865,799.372,756.502,1,
913,0.267676,799.191,793.49,1,
914,9.18934,796.724,1403.47,1,
915,22.5508,796.585,2173.47,1,
916,4.69843,798.52,721.751,1,
917,20.7117,792.674,4096.13,1,
918,25.0906,796.482,1691.69,1,
919,6.53922,798.352,700.727,1,
920,33.0864,796.584,1780.03,1,
921,9.87731,797.95,1302.9,1,
922,14.9183,796.28,3698.29,1,
923,11.6063,797.977,2029.13,1,
924,48.1321,797.087,1585.21,0,
925,6.97556,798.925,653.509,1,
926,17.4951,798.392,3407.57,1,
927,17.8062,798.876,3301.55,1,
928,15.8292,797.014,3632.59,1,
929,16.9588,797.068,3614.39,1,
930,8.29311,798.93,819.153,1,
931,19.4261,796.957,3009.96,1,
932,14.3107,793.993,3837.82,1,
933,15.5923,793.881,4136.59,1,
934,8.20596,799.75,760.511,1,
935,4.00088,798.815,732.974,1,
936,0.507079,797.22,1205.52,1,
937,26.3274,796.489,1611.27,1,
938,17.6148,794.581,3938.51,1,
939,1.55696,797.726,977.746,1,
940,19.2198,794.734,3645.67,1,
941,-4.33163,797.238,942.503,0,
942,3.63548,796.322,1343.67,1,
943,11.1759,796.683,2091.26,1,
944,9.64947,798.614,1169.48,1,
945,-0.134763,798.656,919.741,1,
946,8.99241,799.597,911.285,1,
947,6.43237,799.466,557.075,1,
948,1.73615,793.815,2250.44,1,
949,15.6372,797.958,3459.46,1,
950,8.43745,799.724,809.44,1,
951,9.40051,799.403,1004.47,1,
952,44.924,797.546,1288.62,0,
953,12.6198,798.935,2544.3,1,
954,8.97629,799.376,922.414,1,
955,11.7649,798.478,2057.52,1,
956,7.8253,795.337,1665.28,1,
957,14.3446,798.701,3115.94,1,
958,5.18576,799.315,599.328,0,
959,12.1228,798.975,2258.33,1,
960,6.98558,799.377,619.938,1,
961,38.6748,796.155,2929.87,1,
962,38.556,795.45,3201.62,1,
963,16.6462,795.912,3810.75,1,
964,14.5407,796.807,3521.67,1,
965,7.22704,797.402,939.421,1,
966,15.7677,795.255,3953.02,1,
967,2.75677,798.955,749.957,1,
968,23.1154,796.856,1897.15,1,
969,45.3648,795.557,1807.16,0,
970,4.68999,796.946,1072.8,1,
971,2.46048,799.171,748.745,1,
972,29.4857,795.209,2166.3,1,
973,28.3574,796.143,1770.18,1,
974,26.9767,794.522,2356.83,1,
975,31.9361,794.95,2298.85,1,
976,2.58784,797.374,1060.99,1,
977,31.6968,796.107,1837.5,1,
978,17.7363,796.249,3624.82,1,
979,5.81938,797.806,815.787,1,
980,8.40467,797.49,1081.93,1,
981,6.05772,799.777,516.803,1,
982,35.763,797.032,2149.69,1,
983,5.61183,798.198,747.573,1,
984,30.4882,796.508,1697.36,1,
985,-0.728597,797.854,950.025,1,
986,8.14651,799.517,759.067,1,
987,12.3822,799.117,2398.56,1,
988,4.29065,798.951,689.229,1,
989,24.656,797.119,1577.11,1,
990,30.5088,797.015,1519.0,1,
991,40.7187,795.94,3145.46,1,
992,0.788129,798.287,892.394,1,
993,-4.60772,792.875,1445.9,0,
994,47.3794,795.075,1825.51,0,
995,18.5642,794.88,3739.78,1,
996,43.9022,795.086,2056.89,0,
997,22.3992,795.798,2451.88,1,
998,9.50757,798.891,1086.19,1,
999,-3.49398,797.863,841.502,1,
1000,23.9172,795.97,2042.35,1,
1001,16.3913,797.781,3533.33,1,
1002,8.10535,797.935,947.287,1,
1003,33.2612,795.921,1987.01,1,
1004,17.4216,795.085,3849.22,1,
1005,27.3575,795.802,1842.4,1,
1006,-4.0959,796.826,1002.5,0,
1007,4.49607,795.518,1585.61,1,
1008,41.8246,798.619,2376.06,1,
1009,46.8557,799.313,1180.42,0,
1010,36.0606,798.325,1873.69,1,
1011,15.4736,798.346,3374.92,1,
1012,13.9501,798.651,3033.92,1,
1013,33.5722,796.894,1766.67,1,
1014,14.4783,797.869,3287.43,1,
1015,2.12744,797.803,954.195,1,
1016,-1.60002,797.247,975.311,1,
1017,-2.26334,799.205,653.004,1,
1018,-6.49474,799.669,961.93,0,
1019,20.7061,798.184,2281.06,1,
1020,20.6265,798.545,2253.63,1,
1021,33.9681,798.037,1511.01,1,
1022,39.937,799.177,2286.8,1,
1023,16.0644,797.982,3481.25,1,
1024,21.0225,798.144,2182.71,1,
1025,19.6024,799.043,2569.77,1,
1026,19.9318,798.258,2557.12,1,
1027,36.4674,797.453,2153.16,1,
1028,45.2518,797.834,1179.08,0,
1029,20.2603,797.612,2564.52,1,
1030,20.4311,798.01,2422.12,1,
1031,41.348,794.194,3023.35,0,
1032,12.164,795.986,2688.19,1,
1033,45.1453,798.284,1043.3,0,
1034,12.7668,798.235,2679.99,1,
1035,1.58594,796.546,1282.16,1,
1036,18.4412,795.485,3618.92,1,
1037,22.8491,795.314,2523.83,1,
1038,53.243,798.93,1839.57,0,
1039,44.5061,794.281,2155.83,0,
1040,37.3638,793.268,3865.38,1,
1041,38.1377,798.207,2260.5,1,
1042,46.5697,799.168,1084.89,0,
1043,44.4773,797.755,1260.02,0,
1044,11.5182,798.788,1892.25,1,
1045,42.9169,793.964,2540.58,0,
1046,19.8758,797.609,2700.36,1,
1047,24.8161,798.146,1313.88,1,
1048,33.3272,798.084,1426.97,1,
1049,33.9954,796.608,1889.64,1,
1050,18.8133,790.082,5294.91,1,
1051,43.3608,795.491,2082.25,0,
1052,38.757,798.718,2234.81,1,
1053,36.0408,796.458,2353.6,1,
1054,8.50132,795.741,1602.03,1,
1055,6.24662,796.81,1039.85,1,
1056,36.6594,794.258,3343.08,1,
1057,11.0872,795.994,2235.72,1,
1058,16.3211,794.84,3992.46,1,
1059,14.8186,797.406,3446.01,1,
1060,-6.52006,797.298,1037.96,0,
1061,42.1803,795.679,2464.95,0,
1062,34.3628,791.507,4254.78,1,
1063,13.228,798.417,2859.71,1,
1064,12.7612,796.699,2831.54,1,
1065,12.6862,795.772,2960.22,1,
1066,7.53398,796.794,1103.98,1,
1067,2.14619,795.043,1785.94,1,
1068,46.5511,798.441,1201.04,0,
1069,48.9973,799.119,1551.01,0,
1070,34.3656,797.406,1729.75,1,
1071,31.9642,796.822,1622.22,1,
1072,42.3501,797.189,2133.39,1,
1073,49.8717,798.831,1636.33,0,
1074,19.9513,798.769,2471.17,1,
1075,20.3508,798.56,2346.31,1,
1076,35.114,797.595,1828.61,1,
1077,34.4109,795.626,2291.8,1,
1078,8.92981,797.619,1150.92,1,
1079,36.5123,797.885,2046.59,1,
1080,-2.18967,796.156,1141.93,1,
1081,42.5335,794.523,2542.94,0,
1082,4.99766,797.467,931.447,1,
1083,9.15374,795.338,1845.62,1,
1084,40.2077,794.616,3494.12,1,
1085,12.2201,796.556,2598.27,1,
1086,-6.37277,798.379,980.755,0,
1087,35.5836,792.915,3681.72,1,
1088,43.0035,797.661,1709.98,0,
1089,42.1458,796.257,2349.91,1,
1090,19.5139,798.555,2666.51,1,
1091,19.8016,798.534,2564.62,1,
1092,18.9772,798.337,2875.57,1,
1093,19.4512,798.005,2775.43,1,
1094,19.3247,798.29,2769.1,1,
1095,19.7705,797.994,2676.0,1,
1096,18.2841,798.032,3163.46,1,
1097,17.9725,797.54,3325.47,1,
1098,18.171,796.627,3403.31,1,
1099,41.1187,797.645,2621.3,1,
1100,44.5159,795.959,1770.79,0,
1101,13.048,796.216,3023.91,1,
1102,41.6976,795.266,2742.1,0,
1103,12.6069,797.712,2616.43,1,
1104,5.68956,796.881,1027.97,1,
1105,13.8632,797.823,3176.92,1,
1106,47.6864,796.027,1700.8,0,
1107,27.6699,796.298,1699.13,1,
1108,45.6432,797.78,1219.27,0,
1109,48.1,798.556,1444.72,0,
1110,18.7332,798.006,3010.04,1,
1111,19.5677,797.388,2863.39,1,
1112,11.6795,795.666,2531.6,1,
1113,13.5818,797.307,3202.37,1,
1114,19.2915,797.679,2877.67,1,
1115,25.9461,797.913,1276.45,1,
1116,18.2368,797.14,3286.76,1,
1117,18.7363,797.258,3140.22,1,
1118,21.2493,797.779,2207.67,1,
1119,21.6719,797.865,2069.6,1,
1120,42.5749,797.625,1959.47,1,
1121,40.7198,798.271,2421.11,1,
1122,45.7917,798.526,1033.67,0,
1123,45.9267,797.433,1331.21,0,
1124,-3.48255,798.86,681.555,1,
1125,3.76159,799.326,653.898,1,
1126,29.3327,796.605,1641.25,1,
1127,33.6615,798.235,1423.77,1,
1128,24.3526,798.296,1342.9,1,
1129,25.1041,798.538,1216.22,1,
1130,46.0305,798.832,1001.47,0,
1131,49.8238,798.427,1643.17,0,
1132,47.2523,798.645,1325.34,0,
1133,46.9315,798.364,1297.51,0,
1134,-4.30464,798.657,775.987,0,
1135,-5.99466,799.398,921.601,0,
1136,50.2553,798.21,1687.62,0,
1137,51.0439,798.584,1735.43,0,
1138,22.1767,798.353,1859.37,1,
1139,24.9944,797.647,1426.75,1,
1140,28.2501,798.314,1157.61,1,
1141,31.7609,797.929,1341.53,1,
1142,45.2955,796.643,1532.57,0,
1143,33.9804,797.607,1623.28,1,
1144,47.6119,796.658,1599.19,0,
1145,40.1315,797.354,2647.93,1,
1146,34.9943,796.083,2248.66,1,
1147,35.6572,795.923,2444.2,1,
1148,36.7469,797.123,2331.95,1,
1149,37.1191,796.17,2660.6,1,
1150,38.6999,798.394,2266.81,1,
1151,38.4412,797.341,2522.86,1,
1152,38.1986,796.669,2690.39,1,
1153,17.0936,796.417,3685.42,1,
1154,-3.90828,798.868,706.165,1,
1155,-3.34904,799.251,605.547,1,
1156,49.2219,798.837,1588.97,0,
1157,49.3385,798.434,1606.59,0,
1158,26.4784,797.911,1253.09,1,
1159,42.6206,798.911,1805.03,1,
1160,15.1613,798.963,3241.61,1,
1161,14.6648,798.38,3229.01,1,
1162,45.117,796.08,1699.0,0,
1163,48.2044,795.658,1766.31,0,
1164,-1.72564,797.913,875.564,0,
1165,18.9652,796.874,3148.42,1,
1166,46.4057,798.812,1092.77,0,
1167,48.1199,799.024,1427.96,0,
1168,48.0041,797.692,1505.41,0,
1169,38.274,798.667,2203.87,1,
1170,13.9189,796.754,3396.63,1,
1171,38.0316,797.786,2354.54,1,
1172,17.4311,797.57,3494.77,1,
1173,18.9211,797.632,3003.82,1,
1174,41.0996,795.338,3030.3,1,
1175,5.10234,795.922,1402.87,1,
1176,39.457,796.372,2973.71,1,
1177,14.62,795.594,3803.98,1,
1178,18.8273,795.964,3391.69,1,
1179,12.8135,795.201,3134.46,1,
1180,32.9065,798.932,1240.25,1,
1181,31.9161,798.621,1238.25,1,
1182,33.0593,798.34,1344.66,1,
1183,32.5065,798.529,1282.24,1,
1184,40.9147,798.88,2314.99,1,
1185,40.2692,798.947,2310.56,0,
1186,42.3226,798.021,2071.29,1,
1187,42.0607,798.694,2181.36,1,
1188,23.204,797.501,1725.85,1,
1189,26.8361,797.551,1333.45,1,
1190,41.6509,796.617,2570.08,1,
1191,-4.40266,798.185,851.918,0,
1192,44.4454,798.899,1008.02,1,
1193,51.4341,798.209,1768.88,0,
1194,15.099,798.534,3285.34,1,
1195,12.4688,798.563,2490.32,1,
1196,-4.60238,798.997,778.243,0,
1197,18.2957,791.435,4793.32,1,
1198,42.776,795.256,2349.39,0,
1199,46.4011,796.508,1560.17,0,
1200,32.741,798.262,1340.67,1,
1201,38.7758,799.144,2171.64,1,
1202,46.839,797.514,1399.0,0,
1203,33.5955,797.375,1631.16,1,
1204,45.0083,798.98,890.303,1,
1205,40.5763,798.833,2315.38,1,
1206,44.1497,796.394,1710.55,0,
1207,49.926,797.234,1708.27,0,
1208,32.2069,798.417,1288.44,1,
1209,31.5525,798.369,1255.35,1,
1210,35.6607,797.963,1853.08,1,
1211,42.8277,798.8,1700.15,1,
1212,31.1232,798.604,1202.05,1,
1213,29.2898,797.96,1307.0,1,
1214,32.769,797.547,1509.95,1,
1215,32.5292,797.899,1393.32,1,
1216,30.0653,797.79,1371.72,1,
1217,30.5781,797.912,1342.73,1,
1218,7.92727,799.371,724.858,1,
1219,13.2425,798.882,2790.55,1,
1220,13.9293,795.567,3515.3,1,
1221,12.982,797.236,2878.37,1,
1222,35.9074,797.785,1968.93,1,
1223,36.5821,796.519,2456.05,1,
1224,44.3387,796.921,1512.89,0,
1225,19.4017,795.925,3254.96,1,
1226,41.0183,798.076,2486.49,1,
1227,17.8543,795.605,3719.83,1,
1228,11.8242,796.925,2318.67,1,
1229,10.1458,797.041,1560.32,1,
1230,20.521,797.184,2580.83,1,
1231,22.0701,797.581,2036.97,1,
1232,35.7535,798.31,1812.67,1,
1233,32.6301,796.958,1626.88,1,
1234,35.9996,798.796,1777.34,1,
1235,43.7334,797.52,1488.47,0,
1236,36.7698,798.097,2037.39,1,
1237,35.2701,797.108,2000.72,1,
1238,-5.94171,798.815,932.094,0,
1239,46.282,798.107,1221.89,0,
1240,51.3855,797.706,1779.0,0,
1241,23.7949,797.629,1600.8,1,
1242,27.7894,797.268,1431.43,1,
1243,28.9586,798.224,1228.38,1,
1244,30.6526,798.408,1239.21,1,
1245,29.5032,797.19,1508.04,1,
1246,29.7045,798.083,1313.4,1,
1247,-3.21919,798.452,741.056,1,
1248,41.8922,794.566,2754.98,0,
1249,16.3896,797.28,3603.79,1,
1250,19.7104,796.506,3027.04,1,
1251,13.6058,796.2,3314.74,1,
1252,48.7562,795.742,1775.32,0,
1253,40.0462,799.161,2294.37,1,
1254,47.6268,798.414,1396.95,0,
1255,23.1248,798.426,1560.17,1,
1256,22.4109,797.928,1864.89,1,
1257,34.404,796.888,1875.54,1,
1258,48.4229,798.123,1511.65,0,
1259,29.8741,795.616,1977.81,1,
1260,49.017,798.047,1588.24,0,
1261,31.5051,797.426,1450.95,1,
1262,45.8979,798.172,1154.79,0,
1263,7.55413,797.927,866.301,1,
1264,8.12825,799.079,784.973,1,
1265,21.4472,796.801,2405.76,1,
1266,22.8786,797.929,1713.02,1,
1267,28.6352,797.611,1353.71,1,
1268,29.1597,797.546,1388.16,1,
1269,41.02,796.56,2904.76,1,
1270,6.66151,795.307,1549.13,1,
1271,15.6217,796.403,3743.25,1,
1272,9.7503,796.499,1577.62,1,
1273,45.3416,798.909,885.271,0,
1274,47.5675,797.928,1423.74,0,
1275,21.0661,797.273,2386.09,1,
1276,24.1129,797.135,1646.12,1,
1277,36.6939,798.499,1963.07,1,
1278,34.6033,798.139,1599.02,1,
1279,37.5987,798.574,2104.54,1,
1280,47.1467,797.879,1372.31,0,
1281,27.4338,797.732,1311.7,1,
1282,37.6065,798.86,2080.5,0,
1283,9.7996,797.506,1380.43,1,
1284,13.4987,795.012,3417.75,1,
1285,15.0903,795.058,3998.35,1,
1286,15.4036,797.491,3521.38,1,
1287,7.17817,796.278,1247.24,1,
1288,6.00721,799.228,577.07,1,
1289,-7.75659,794.815,1243.36,0,
1290,-6.23819,797.845,998.386,0,
1291,50.3831,797.669,1719.27,0,
1292,50.7514,794.524,1930.38,0,
1293,40.7134,797.184,2749.83,1,
1294,37.2676,797.195,2397.03,1,
1295,8.40878,794.25,2175.87,1,
1296,9.8173,795.809,1823.22,1,
1297,13.6499,794.304,3600.46,1,
1298,16.2756,794.181,4150.12,1,
1299,45.0909,790.51,2600.96,0,
1300,51.1136,796.869,1790.94,0,
1301,49.0001,794.594,1892.57,0,
1302,52.5725,796.493,1861.25,0,
1303,5.54639,795.008,1734.98,1,
1304,9.23771,793.469,2582.43,1,
1305,2.37672,796.67,1224.63,1,
1306,4.58223,794.859,1817.51,1,
1307,1.22658,797.174,1133.44,1,
1308,2.71115,795.462,1623.12,1,
1309,4.31432,793.762,2207.37,1,
1310,7.25176,794.181,2103.1,1,
1311,-0.0451153,794.08,1881.5,0,
1312,1.10859,794.04,2113.84,1,
1313,0.359043,795.951,1621.38,1,
1314,4.83409,792.4,2812.64,1,
1315,10.5777,794.837,2441.83,1,
1316,12.3285,794.769,3031.87,1,
1317,16.9627,793.706,4211.69,1,
1318,13.0525,793.831,3513.62,1,
1319,10.9756,792.689,3384.52,1,
1320,14.9873,792.255,4217.58,1,
1321,16.8562,795.224,3880.95,1,
1322,16.0009,795.914,3854.39,1,
1323,47.1453,795.595,1741.78,0,
1324,48.0132,795.111,1825.03,0,
1325,46.5094,795.802,1701.93,0,
1326,46.6399,794.269,1979.37,0,
1327,48.292,794.631,1885.21,0,
1328,49.0544,796.276,1732.29,0,
1329,49.2764,797.403,1649.64,0,
1330,50.3599,793.977,1974.98,0,
1331,48.8102,796.875,1654.62,0,
1332,50.1459,796.566,1757.65,0,
1333,49.8663,795.415,1820.11,0,
1334,49.7505,790.268,2241.04,0,
1335,7.26174,795.629,1458.26,1,
1336,9.08539,794.647,2133.94,1,
1337,5.65129,795.565,1513.5,1,
1338,7.8011,794.537,1972.79,1,
1339,7.15005,793.581,2341.48,1,
1340,11.2744,793.974,2885.23,1,
1341,6.59383,793.498,2353.85,1,
1342,6.70784,794.368,2025.39,1,
1343,10.1857,794.252,2548.37,1,
1344,10.4684,795.54,2145.51,1,
1345,5.91268,793.879,2199.41,1,
1346,7.42745,793.11,2594.99,1,
1347,4.10088,794.402,1993.03,1,
1348,8.52393,793.544,2455.25,1,
1349,8.2709,792.406,3027.42,1,
1350,8.08454,793.037,2665.83,1,
1351,9.58033,794.164,2407.89,1,
1352,7.01005,792.533,2794.42,1,
1353,9.26905,792.39,3194.73,1,
1354,10.6556,793.695,2833.99,1,
1355,11.2336,794.645,2672.56,1,
1356,16.7599,791.51,4657.2,1,
1357,11.8454,793.686,3182.15,1,
1358,10.045,792.916,3135.55,1,
1359,10.549,793.159,3115.17,1,
1360,7.24566,791.975,3118.21,1,
1361,5.70167,793.476,2374.74,1,
1362,-0.711092,791.111,1976.78,0,
1363,10.4089,791.21,3782.4,1,
1364,10.1507,792.349,3342.74,1,
1365,3.9003,795.686,1547.4,1,
1366,5.20202,794.223,2043.4,1,
1367,3.36248,795.187,1710.41,1,
1368,3.4769,794.562,1922.45,1,
1369,2.27596,794.277,2055.34,1,
1370,3.13796,793.362,2380.81,1,
1371,2.95534,794.071,2100.19,1,
1372,3.87296,793.214,2424.35,1,
1373,0.920799,794.678,1979.48,1,
1374,1.86925,793.045,2400.05,1,
1375,15.9609,791.513,4550.13,1,
1376,11.2157,790.491,4168.03,1,
1377,45.0268,791.681,2469.93,0,
1378,48.156,791.216,2246.07,0,
1379,12.4164,794.106,3242.22,1,
1380,11.7167,795.019,2744.41,1,
1381,9.49398,792.977,2947.36,1,
1382,8.99824,789.329,4370.53,1,
1383,8.81284,792.162,3227.36,1,
1384,9.7545,792.047,3393.04,1,
1385,8.73666,791.461,3477.22,1,
1386,9.81673,791.44,3625.12,1,
1387,8.16032,791.34,3468.67,1,
1388,12.5133,792.054,3808.38,1,
1389,0.0714693,792.729,2012.03,0,
1390,13.5379,790.668,4398.55,0,
1391,16.7635,792.935,4433.48,1,
1392,4.13348,792.508,2740.91,1,
1393,1.44242,789.005,2481.56,0,
1394,3.97015,791.103,3121.14,1,
1395,9.2581,790.44,4004.8,1,
1396,18.1705,794.496,3907.92,1,
1397,10.6486,792.208,3476.13,1,
1398,10.8446,791.675,3696.32,1,
1399,10.3153,790.146,4215.6,1,
1400,14.3537,793.232,3942.52,1,
1401,-0.525898,793.787,1808.05,0,
1402,11.5103,791.515,3829.63,1,
1403,48.1672,791.98,2192.83,0,
1404,47.4837,793.016,2116.02,0,
1405,46.3972,790.945,2407.55,0,
1406,48.0054,793.52,2023.11,0,
1407,43.883,791.521,2699.66,0,
1408,37.742,784.919,4523.82,0,
1409,47.8293,794.167,1939.8,0,
1410,42.0819,789.335,3274.93,0,
1411,47.222,794.495,1913.77,0,
1412,46.5078,793.651,2087.58,0,
1413,46.4503,792.169,2277.65,0,
1414,52.2585,797.421,1824.01,0,
1415,44.9521,793.45,2240.77,0,
1416,45.4719,793.734,2140.85,0,
1417,39.5255,790.903,3980.03,0,
1418,45.4799,792.1,2378.58,0,
1419,41.9522,791.749,3147.68,0,
1420,48.7122,793.409,2017.35,0,
1421,0.156857,794.71,1819.18,1,
1422,0.586175,793.669,2028.78,0,
1423,-3.60629,794.254,1351.62,0,
1424,-0.942213,792.795,1815.78,0,
1425,1.26543,791.983,2319.57,0,
1426,0.623693,793.04,2104.14,0,
1427,0.0752994,792.015,2063.13,0,
1428,0.741518,791.012,2286.17,0,
1429,-0.446832,793.065,1876.3,0,
1430,2.59167,792.799,2582.64,1,
1431,14.9604,794.344,3993.02,1,
1432,15.5076,793.24,4169.54,1,
1433,12.9396,791.628,4054.95,1,
1434,9.79781,790.033,4202.43,1,
1435,14.9188,792.941,4097.51,1,
1436,17.2175,792.299,4605.2,1,
1437,-0.47285,789.89,2123.67,0,
1438,-1.9542,793.008,1653.29,0,
1439,12.3662,790.537,4288.84,1,
1440,15.9917,792.769,4303.19,1,
1441,2.77102,790.711,2778.12,0,
1442,1.73912,791.467,2466.39,0,
1443,1.27921,792.641,2280.01,0,
1444,2.84698,792.042,2768.72,1,
1445,9.25509,791.082,3697.93,1,
1446,11.7139,789.625,4558.99,1,
1447,13.133,793.091,3680.59,1,
1448,-0.477814,791.787,1966.07,0,
1449,2.37887,790.1,2690.83,0,
1450,-2.39755,794.285,1461.15,0,
1451,-1.15004,793.899,1672.3,0,
1452,15.6467,792.135,4348.47,1,
1453,0.633577,789.903,2289.87,0,
1454,11.517,792.629,3529.56,1,
1455,11.6915,790.881,4087.05,1,
1456,1.41882,790.86,2418.26,0,
1457,0.613741,791.668,2219.97,0,
1458,1.70348,790.211,2508.06,0,
1459,2.41593,791.43,2675.05,0,
1460,0.383444,790.577,2225.75,0,
1461,3.51844,790.527,2979.14,0,
1462,3.29353,789.499,2960.26,0,
1463,3.67825,789.95,3026.21,0,
1464,2.82668,788.356,2818.36,0,
1465,8.18449,788.507,4590.89,1,
1466,5.81335,790.395,3702.41,1,
1467,5.69675,792.74,2635.71,1,
1468,8.09608,790.132,3975.64,1,
1469,12.2764,788.834,4897.05,1,
1470,14.7403,787.161,6075.02,1,
1471,18.6146,792.81,4331.74,1,
1472,-3.67369,793.553,1419.02,0,
1473,-2.71261,790.281,1779.26,0,
1474,-0.977025,792.231,1863.41,0,
1475,-2.96893,790.91,1715.11,0,
1476,3.65379,791.9,2948.61,1,
1477,4.77573,791.029,3332.47,1,
1478,8.71607,789.973,4110.64,1,
1479,9.633,789.4,4391.72,1,
1480,6.94234,789.905,3963.99,1,
1481,7.58315,789.632,4115.68,1,
1482,7.63725,788.92,4367.58,1,
1483,10.7503,789.677,4393.27,1,
1484,11.2186,787.935,5242.79,1,
1485,11.7539,788.978,4761.58,1,
1486,11.2744,789.904,4378.64,1,
1487,10.5988,790.66,4050.23,1,
1488,10.6487,789.042,4620.54,1,
1489,12.3298,789.868,4546.19,1,
1490,14.7978,789.678,4957.4,1,
1491,15.5517,790.866,4681.79,1,
1492,10.049,788.878,4629.76,1,
1493,12.6704,789.423,4785.97,1,
1494,9.1363,787.643,4937.5,1,
1495,11.2129,788.622,4862.23,1,
1496,15.8536,790.241,4936.39,1,
1497,12.8972,790.87,4244.3,1,
1498,11.8021,787.497,5498.27,1,
1499,9.84771,788.305,4876.38,1,
1500,13.83,790.189,4668.31,1,
1501,16.8206,790.394,5024.07,1,
1502,14.3279,789.225,5061.26,1,
1503,13.7264,788.184,5394.6,1,
1504,17.5524,789.757,5293.02,1,
1505,17.8282,790.881,4973.73,1,
1506,-1.6074,794.521,1510.06,0,
1507,-2.49049,793.445,1540.83,0,
1508,-0.14592,795.296,1623.92,1,
1509,-3.83269,795.987,1111.36,0,
1510,-2.69359,786.092,1938.67,0,
1511,-1.37391,791.231,1865.4,0,
1512,-0.268459,788.432,2174.33,0,
1513,1.27631,789.689,2424.51,0,
1514,-1.47356,791.956,1812.45,0,
1515,-1.6359,789.724,1928.57,0,
1516,-2.52614,791.979,1677.02,0,
1517,-1.83274,790.925,1811.71,0,
1518,4.94659,789.803,3541.34,0,
1519,6.28157,791.359,3376.98,1,
1520,7.84583,790.826,3696.88,1,
1521,6.22093,790.732,3614.24,1,
1522,3.65428,789.16,3065.65,0,
1523,6.82681,790.482,3727.69,1,
1524,5.51386,789.461,3690.47,0,
1525,7.04388,788.579,4186.07,1,
1526,11.6348,786.71,5712.17,1,
1527,6.04488,788.63,3830.57,0,
1528,6.49658,785.364,3965.68,0,
1529,9.78892,785.307,5090.29,0,
1530,13.2267,785.282,6255.63,0,
1531,12.8029,786.464,6058.77,1,
1532,17.097,790.894,4877.13,1,
1533,12.4156,787.715,5463.26,1,
1534,-0.347512,790.588,2106.24,0,
1535,0.176848,789.497,2225.01,0,
1536,-0.0165323,787.111,2281.01,0,
1537,5.78246,787.019,3712.11,0,
1538,-3.16129,792.371,1588.26,0,
1539,-3.7112,791.975,1577.63,0,
1540,6.98005,787.907,4136.2,0,
1541,8.78018,786.585,4784.51,0,
1542,10.6529,787.453,5379.68,1,
1543,10.1038,787.64,5153.85,1,
1544,10.9395,786.666,5526.38,1,
1545,9.50066,786.585,5011.05,0,
1546,10.8912,785.334,5426.79,0,
1547,12.9339,787.197,5770.48,1,
1548,7.48619,787.417,4296.08,0,
1549,9.27661,784.978,4861.32,0,
1550,12.5866,788.355,5157.59,1,
1551,13.6232,787.46,5727.64,1,
1552,9.89453,786.066,5162.16,0,
1553,12.0457,785.391,5883.52,0,
1554,12.1174,786.195,5922.75,1,
1555,13.7474,784.895,6419.4,0,
1556,14.355,785.217,6587.46,0,
1557,15.5454,787.686,5879.8,1,
1558,1.10385,787.817,2466.58,0,
1559,-3.16049,793.132,1514.33,0,
1560,-3.5755,791.167,1635.56,0,
1561,-4.17204,794.53,1297.9,0,
1562,-9.12964,798.311,1110.24,0,
1563,-4.73294,791.202,1558.43,0,
1564,-2.36968,787.837,1913.64,0,
1565,6.58731,786.601,3986.58,0,
1566,7.12082,785.32,4210.38,0,
1567,9.23201,788.22,4823.9,1,
1568,9.64019,787.247,5058.3,1,
1569,8.7985,788.722,4607.09,1,
1570,8.09726,787.675,4565.32,1,
1571,12.6354,784.937,6066.72,0,
1572,13.3225,786.006,6261.08,1,
1573,13.9459,786.273,6372.35,1,
1574,16.7988,784.898,7172.91,1,
1575,14.4577,785.87,6569.93,1,
1576,0.885196,788.5,2402.37,0,
1577,5.64411,786.001,3725.27,0,
1578,-5.2358,794.244,1286.73,0,
1579,-6.1238,795.132,1213.09,0,
1580,6.27318,787.104,3876.96,0,
1581,7.26087,786.698,4200.34,0,
1582,5.15023,788.602,3533.54,0,
1583,6.30191,786.027,3890.67,0,
1584,7.59971,786.08,4326.91,0,
1585,8.61555,787.314,4773.14,0,
1586,15.1251,786.693,6354.9,1,
1587,14.1157,786.995,6075.17,1,
1588,16.0696,784.898,7040.32,0,
1589,15.4599,788.569,5551.12,1,
1590,0.26236,788.778,2265.16,0,
1591,2.01428,787.226,2659.48,0,
1592,-1.35613,788.373,2037.48,0,
1593,-0.437598,787.684,2177.36,0,
1594,2.29628,786.08,2747.1,0,
1595,5.54211,787.4,3629.2,0,
1596,-3.00014,794.672,1340.7,0,
1597,-5.6858,797.251,1009.49,0,
1598,-3.10326,795.304,1220.26,0,
1599,-3.78271,795.471,1182.71,0,
1600,-5.32663,796.425,1065.51,0,
1601,-5.387,795.0,1226.73,0,
1602,3.73125,788.633,3096.24,0,
1603,1.16647,786.487,2490.68,0,
1604,7.3814,784.83,4349.8,0,
1605,16.8835,787.214,6312.87,1,
1606,17.2686,785.975,7012.19,1,
1607,16.3376,788.125,5809.48,1,
1608,15.0123,786.124,6668.94,1,
1609,15.4018,789.643,5082.53,1,
1610,-1.85229,788.565,1949.8,0,
1611,0.068468,785.178,2330.03,0,
1612,-2.82444,795.897,1145.89,0,
1613,-3.33294,796.303,1082.75,0,
1614,-3.46165,796.805,997.285,0,
1615,-4.28007,796.301,1071.9,0,
1616,-3.15317,797.294,915.734,1,
1617,-4.03819,797.786,876.818,1,
1618,-5.2324,797.028,1008.1,0,
1619,-4.87007,796.068,1105.42,0,
1620,-2.58588,797.353,915.03,1,
1621,-2.2636,797.984,827.765,1,
1622,-5.73748,797.737,977.588,0,
1623,-8.2455,799.223,1072.98,0,
1624,-4.88532,795.4,1182.68,0,
1625,-4.24534,795.116,1219.91,0,
1626,6.02799,784.873,3807.19,0,
1627,4.07225,787.306,3195.24,0,
1628,3.3299,785.222,2997.36,0,
1629,14.8575,784.872,6741.02,0,
1630,16.4072,787.559,6061.71,1,
1631,16.7003,786.421,6628.86,1,
1632,15.5834,785.22,6887.83,1,
1633,15.6927,786.834,6339.54,1,
1634,16.0628,786.293,6600.87,1,
1635,18.1087,787.019,6563.75,1,
1636,16.5996,789.668,5217.07,1,
1637,15.6355,785.819,6850.34,1,
1638,17.3082,785.247,7272.25,1,
1639,18.0406,784.899,7372.2,1,
1640,-0.862382,788.796,2084.24,0,
1641,-1.15627,787.67,2081.32,0,
1642,-0.981262,789.535,2043.73,0,
1643,-2.01318,789.177,1908.8,0,
1644,-2.96819,789.732,1786.09,0,
1645,-2.18722,787.359,1950.94,0,
1646,0.746733,787.199,2410.9,0,
1647,-2.74529,788.665,1855.69,0,
1648,-5.70026,791.87,1474.59,0,
1649,-4.84062,797.322,952.473,0,
1650,-7.13665,797.247,1073.0,0,
1651,-4.88641,797.911,909.437,0,
1652,-6.49128,791.658,1465.32,0,
1653,-6.99404,798.54,1013.74,0,
1654,-6.22538,792.07,1446.43,0,
1655,-5.32987,798.102,926.974,0,
1656,-5.39952,798.646,895.933,0,
1657,-7.06306,799.248,1004.03,0,
1658,-5.98224,796.385,1085.54,0,
1659,-6.41223,795.828,1150.11,0,
1660,-4.76611,791.804,1514.05,0,
1661,-8.11057,798.001,1088.63,0,
1662,-7.13986,795.943,1155.26,0,
1663,-6.42231,792.705,1400.52,0,
1664,-5.85572,793.15,1379.92,0,
1665,-6.48193,794.392,1265.27,0,
1666,-5.86322,793.844,1309.71,0,
1667,-0.260107,786.329,2260.83,0,
1668,5.47419,785.338,3655.03,0,
1669,15.7903,788.157,5745.27,0,
1670,15.8538,787.307,6087.72,1,
1671,15.6981,789.103,5346.64,1,
1672,14.9994,787.681,5827.85,1,
1673,14.5275,790.258,4730.53,1,
1674,14.891,788.276,5568.65,0,
1675,16.3798,789.199,5407.27,1,
1676,16.3698,790.17,5061.89,1,
1677,13.2049,789.273,4941.62,1,
1678,13.6874,789.572,4888.63,1,
1679,16.689,788.633,5641.56,1,
1680,17.7115,788.14,5940.53,1,
1681,14.8295,790.848,4586.41,1,
1682,13.8912,792.18,4067.82,1,
1683,13.8687,791.21,4296.01,1,
1684,13.5409,791.735,4136.1,1,
1685,14.4628,791.321,4358.55,1,
1686,14.54,791.923,4205.68,1,
1687,13.7734,792.803,3889.69,1,
1688,12.5908,792.743,3654.35,1,
1689,17.562,787.486,6264.86,1,
1690,11.9392,793.062,3461.84,1,
1691,11.8557,791.988,3724.79,1,
1692,21.2891,793.167,3774.41,1,
1693,19.1213,786.217,7043.45,1,
1694,18.3197,788.414,5864.02,1,
1695,17.9985,786.302,6912.03,1,
1696,20.6113,786.62,6846.54,1,
1697,18.5865,785.923,7187.46,1,
1698,18.589,785.248,7437.63,1,
1699,18.7347,787.216,6530.37,1,
1700,20.3575,784.988,7793.34,1,
1701,20.1073,786.466,6914.63,1,
1702,19.4638,787.803,6255.83,1,
1703,17.7053,789.207,5558.56,1,
1704,-0.9244,786.048,2163.76,0,
1705,-1.63564,787.168,2032.33,0,
1706,2.98316,786.375,2879.83,0,
1707,4.946,785.014,3442.79,0,
1708,0.57471,784.832,2404.1,0,
1709,4.4179,786.628,3279.55,0,
1710,-2.09364,785.942,2009.06,0,
1711,0.211177,785.82,2341.36,0,
1712,-7.4578,796.652,1124.99,0,
1713,-9.01058,799.644,1091.38,0,
1714,-7.15634,794.261,1274.93,0,
1715,-8.43858,794.441,1265.18,0,
1716,19.1734,784.899,7548.29,1,
1717,20.9084,788.383,6136.53,1,
1718,19.3177,794.026,3868.39,1,
1719,-9.60974,798.562,1116.97,0,
1720,-11.2718,797.119,1165.09,0,
1721,-7.53034,793.483,1317.28,0,
1722,-7.18867,792.819,1376.3,0,
1723,-6.91051,785.771,1629.4,0,
1724,2.51794,787.414,2760.12,0,
1725,3.44467,785.935,3015.66,0,
1726,1.09636,785.249,2480.52,0,
1727,0.874486,785.891,2436.56,0,
1728,-0.475254,784.896,2247.3,0,
1729,-1.54047,786.415,2067.28,0,
1730,1.6464,784.967,2605.56,0,
1731,2.22028,785.331,2736.9,0,
1732,2.79239,784.914,2864.17,0,
1733,3.01947,787.077,2882.99,0,
1734,1.82893,786.594,2630.25,0,
1735,-0.996839,785.258,2167.52,0,
1736,-2.06509,785.229,2023.37,0,
1737,-3.64995,786.789,1832.84,0,
1738,-1.58436,784.912,2094.21,0,
1739,-4.94685,789.175,1655.89,0,
1740,-2.91908,786.682,1893.08,0,
1741,-2.63727,784.868,1968.85,0,
1742,-11.3118,795.936,1200.45,0,
1743,-7.5275,792.043,1413.1,0,
1744,-9.72283,799.235,1110.1,0,
1745,-8.7742,795.703,1194.61,0,
1746,-6.96148,790.887,1490.61,0,
1747,-4.13442,790.811,1616.96,0,
1748,-5.34962,790.352,1576.03,0,
1749,-8.48554,786.614,1570.12,0,
1750,-7.72718,795.469,1191.66,0,
1751,-8.3217,793.64,1302.68,0,
1752,-11.333,798.293,1139.8,0,
1753,-9.68793,796.815,1159.25,0,
1754,-7.02703,791.516,1455.99,0,
1755,-5.70103,791.323,1504.57,0,
1756,-7.32445,790.407,1504.0,0,
1757,-6.15181,791.212,1493.98,0,
1758,-5.26448,790.965,1546.04,0,
1759,-4.30328,792.222,1511.57,0,
1760,-9.42925,790.413,1453.46,0,
1761,-6.34042,790.755,1512.48,0,
1762,-4.84468,789.881,1629.72,0,
1763,-4.35753,793.413,1396.01,0,
1764,-5.29689,792.114,1473.34,0,
1765,-6.93204,789.606,1542.39,0,
1766,-5.97478,790.253,1553.68,0,
1767,-7.08176,788.246,1584.35,0,
1768,-3.81124,787.501,1799.65,0,
1769,-6.20343,789.585,1573.36,0,
1770,-5.68044,788.978,1625.28,0,
1771,-5.22915,786.847,1704.22,0,
1772,-2.82373,787.63,1884.59,0,
1773,-8.30651,795.846,1178.1,0,
1774,-9.63524,797.423,1142.3,0,
1775,-10.7784,791.339,1401.32,0,
1776,-10.5189,789.865,1462.0,0,
1777,-11.7143,798.694,1136.26,0,
1778,-10.2182,798.183,1130.7,0,
1779,-10.7142,799.694,1125.69,0,
1780,-9.17064,797.717,1123.52,0,
1781,-9.23096,796.026,1188.62,0,
1782,-11.6926,792.58,1349.92,0,
1783,-8.59363,797.474,1118.26,0,
1784,-8.47765,798.562,1090.51,0,
1785,-10.4264,799.285,1122.19,0,
1786,-11.6531,796.52,1182.64,0,
1787,-11.7143,799.361,1132.73,0,
1788,-8.13357,796.533,1148.59,0,
1789,-9.22917,796.522,1163.58,0,
1790,-11.6592,794.75,1244.34,0,
1791,-9.08231,795.298,1217.45,0,
1792,-11.4373,792.126,1372.46,0,
1793,-9.68555,794.338,1269.0,0,
1794,-11.6191,797.599,1152.38,0,
1795,-9.03648,794.743,1250.32,0,
1796,-10.2893,796.617,1172.06,0,
1797,-10.2027,797.637,1144.42,0,
1798,-10.6352,797.163,1160.47,0,
1799,-1.66428,799.29,687.043,1,
1800,-2.55609,798.515,709.153,1,
1801,-1.26302,798.26,835.005,0,
1802,-2.11766,796.907,1007.47,1,
1803,-1.39606,795.143,1413.2,0,
1804,-0.995012,797.204,1051.74,1,
1805,17.5176,793.965,4053.84,1,
1806,18.0733,793.881,4014.75,1,
1807,21.6834,795.601,2706.23,1,
1808,21.2537,796.166,2649.58,1,
1809,28.3483,797.224,1460.49,1,
1810,27.456,796.774,1517.7,1,
1811,26.8561,796.968,1463.65,1,
1812,26.6149,795.798,1847.43,1,
1813,24.9763,795.215,2257.06,1,
1814,27.6398,794.797,2256.22,1,
1815,22.2566,794.248,3109.95,1,
1816,28.1353,794.394,2420.22,1,
1817,24.3315,793.387,3160.16,1,
1818,32.9002,795.478,2155.24,1,
1819,30.971,796.029,1847.75,1,
1820,30.8485,794.853,2271.5,1,
1821,37.0716,790.77,4992.33,1,
1822,36.3564,791.766,4465.33,1,
1823,29.803,796.218,1760.01,1,
1824,30.6356,795.441,2022.54,1,
1825,23.704,796.584,1845.26,1,
1826,24.7606,795.883,1969.75,1,
1827,34.8851,796.694,2038.34,1,
1828,33.8932,795.957,2046.23,1,
1829,33.2152,793.755,2880.9,1,
1830,35.9124,790.81,4849.55,1,
1831,37.8861,795.127,3236.02,1,
1832,39.7644,795.196,3400.26,1,
1833,38.53,791.905,4390.13,1,
1834,39.1227,794.351,3653.76,1,
1835,37.1822,795.496,2970.85,1,
1836,38.5738,794.019,3740.54,1,
1837,35.8434,795.242,2779.75,1,
1838,37.9136,794.361,3513.89,1,
1839,37.4434,791.929,4506.41,1,
1840,39.2898,792.917,4017.9,1,
1841,39.1325,795.016,3441.93,1,
1842,39.8085,794.088,3712.31,1,
1843,39.9847,790.452,3813.88,0,
1844,38.5991,793.31,4029.92,1,
1845,38.6293,789.897,4254.15,0,
1846,40.6353,793.089,3422.18,0,
1847,37.9906,792.293,4401.07,1,
1848,39.2178,792.164,4110.59,1,
1849,38.0783,789.482,4481.92,0,
1850,37.5913,791.18,4759.11,1,
1851,37.9876,792.945,4108.67,1,
1852,36.4544,791.109,4779.02,1,
1853,37.3151,793.975,3579.13,1,
1854,35.7246,791.826,4344.83,1,
1855,38.2739,791.152,4470.91,1,
1856,36.554,795.012,3028.54,1,
1857,36.1447,793.85,3417.79,1,
1858,36.8257,792.175,4288.66,1,
1859,36.7491,792.862,3948.54,1,
1860,35.286,794.656,2878.64,1,
1861,36.1857,793.161,3678.88,1,
1862,35.4655,791.216,4603.47,1,
1863,34.2697,792.705,3519.65,1,
1864,34.5164,794.88,2638.48,1,
1865,24.3391,791.569,4104.63,1,
1866,34.1713,793.741,3055.24,1,
1867,31.6111,793.996,2595.35,1,
1868,34.0439,794.396,2778.55,1,
1869,34.7338,790.304,4978.08,1,
1870,31.8334,792.603,3261.15,1,
1871,34.8719,791.016,4615.68,1,
1872,35.127,793.46,3412.83,1,
1873,35.3721,792.317,3965.67,1,
1874,33.0107,791.67,3854.85,1,
1875,35.4819,794.018,3230.67,1,
1876,35.8196,790.274,5187.17,1,
1877,34.6038,792.197,3887.69,1,
1878,33.5224,790.445,4789.98,1,
1879,33.6067,791.205,4285.82,1,
1880,35.2346,789.967,5239.5,1,
1881,36.958,790.01,5014.57,1,
1882,33.1224,792.457,3440.1,1,
1883,30.5236,793.749,2692.83,1,
1884,32.245,790.036,4836.79,1,
1885,38.8609,784.942,4161.93,0,
1886,32.6159,793.562,2899.63,1,
1887,32.4854,792.886,3192.63,1,
1888,38.2001,788.769,4436.86,0,
1889,37.3846,789.508,4769.84,0,
1890,36.0971,788.775,5267.23,0,
1891,34.947,788.888,5697.22,1,
1892,37.8426,787.701,4509.11,0,
1893,42.8459,788.046,3163.88,0,
1894,35.0179,787.822,5551.29,0,
1895,36.248,789.813,5257.71,1,
1896,39.3152,789.51,4049.66,0,
1897,36.6227,788.47,5039.2,0,
1898,31.4414,794.662,2377.76,1,
1899,28.6805,794.58,2344.17,1,
1900,31.746,791.916,3603.83,1,
1901,31.2864,792.964,3038.53,1,
1902,26.9779,792.079,3589.67,1,
1903,25.3869,792.678,3372.57,1,
1904,40.9646,789.967,3552.78,0,
1905,39.304,788.768,4051.47,0,
1906,40.4985,791.766,3587.81,0,
1907,37.1416,788.705,4791.48,0,
1908,31.8749,788.662,5866.28,1,
1909,38.7318,790.655,4241.87,0,
1910,39.8769,789.816,3853.29,0,
1911,41.0149,788.519,3583.13,0,
1912,43.2236,792.648,2664.7,0,
1913,40.9186,791.129,3493.11,0,
1914,39.7553,791.659,3897.05,0,
1915,40.4989,789.503,3704.32,0,
1916,40.6346,790.571,3617.28,0,
1917,42.644,790.805,3042.16,0,
1918,41.5636,791.16,3284.17,0,
1919,41.6622,792.312,3180.43,0,
1920,35.482,786.966,5330.12,0,
1921,38.2902,785.311,4346.09,0,
1922,41.9989,790.598,3221.62,0,
1923,42.6395,793.184,2732.14,0,
1924,41.3204,793.546,3146.27,0,
1925,40.8535,792.359,3392.65,0,
1926,41.6839,789.964,3346.69,0,
1927,42.6141,791.565,2985.79,0,
1928,45.6401,789.238,2633.73,0,
1929,42.8939,789.319,3096.46,0,
1930,43.176,791.92,2779.75,0,
1931,41.9439,793.014,3012.51,0,
1932,45.4459,792.619,2310.71,0,
1933,43.8856,792.924,2491.36,0,
1934,43.973,793.513,2366.06,0,
1935,43.8649,790.861,2788.55,0,
1936,43.3269,789.846,2955.79,0,
1937,41.0452,787.296,3575.07,0,
1938,49.1071,792.834,2063.81,0,
1939,43.1773,787.494,3111.93,0,
1940,45.3003,791.15,2495.71,0,
1941,41.6991,788.634,3389.41,0,
1942,48.879,792.229,2143.13,0,
1943,40.5135,788.927,3713.0,0,
1944,40.7289,787.852,3655.43,0,
1945,39.8802,788.497,3856.58,0,
1946,40.0321,787.862,3813.03,0,
1947,39.6816,787.338,3932.49,0,
1948,49.2442,794.019,1966.32,0,
1949,44.1138,789.727,2849.32,0,
1950,43.1878,790.5,2926.93,0,
1951,45.657,789.998,2569.14,0,
1952,48.7967,791.002,2228.63,0,
1953,40.0246,784.99,3801.26,0,
1954,43.0289,785.289,3104.79,0,
1955,43.4916,785.868,3045.48,0,
1956,46.3388,790.288,2475.47,0,
1957,49.2841,791.624,2175.06,0,
1958,46.8487,789.303,2501.68,0,
1959,50.2307,790.82,2189.85,0,
1960,50.8859,790.72,2175.01,0,
1961,50.5548,795.183,1863.23,0,
1962,50.5507,792.169,2099.48,0,
1963,36.6952,787.262,4908.13,0,
1964,50.3821,792.838,2045.19,0,
1965,44.4252,790.364,2744.21,0,
1966,46.8862,789.902,2452.52,0,
1967,44.3555,789.162,2851.9,0,
1968,45.0511,788.893,2764.31,0,
1969,47.5909,790.871,2318.6,0,
1970,46.9935,791.24,2329.72,0,
1971,43.9042,788.616,2944.93,0,
1972,47.2001,788.374,2524.05,0,
1973,43.2294,788.654,3067.04,0,
1974,44.9677,788.13,2812.27,0,
1975,42.1276,788.01,3318.25,0,
1976,44.242,788.011,2919.91,0,
1977,44.1918,785.76,2966.47,0,
1978,48.9716,789.178,2345.8,0,
1979,41.7597,787.34,3407.08,0,
1980,42.1607,786.666,3333.91,0,
1981,38.9691,787.241,4126.48,0,
1982,39.479,785.382,3985.58,0,
1983,38.576,787.719,4294.99,0,
1984,36.4208,787.812,5070.27,0,
1985,41.7461,786.037,3432.3,0,
1986,39.9674,786.634,3865.0,0,
1987,40.6341,786.602,3668.87,0,
1988,41.1151,784.872,3507.55,0,
1989,53.1373,797.279,1856.13,0,
1990,46.9945,791.897,2265.23,0,
1991,45.9248,791.295,2419.71,0,
1992,47.603,792.291,2190.51,0,
1993,46.4008,792.706,2212.21,0,
1994,45.8934,792.917,2223.27,0,
1995,45.9769,791.861,2357.88,0,
1996,45.9149,793.457,2149.85,0,
1997,44.9477,792.876,2333.06,0,
1998,44.9576,794.593,2033.45,0,
1999,43.9447,794.503,2187.41,0,
2000,44.416,792.564,2452.64,0,
2001,44.461,791.887,2538.3,0,
2002,43.5885,794.016,2360.27,0,
2003,44.5078,793.727,2252.57,0,
2004,45.4791,794.322,2036.84,0,
2005,44.4246,795.4,1910.61,0,
2006,46.0542,794.663,1941.1,0,
2007,44.9185,795.128,1914.85,0,
2008,38.7399,788.442,4258.11,0,
2009,37.668,788.363,4576.62,0,
2010,38.8203,786.489,4160.15,0,
2011,51.4134,793.528,1992.72,0,
2012,39.4713,786.12,4001.75,0,
2013,55.1424,794.338,1981.24,0,
2014,51.4501,791.222,2141.1,0,
2015,49.7583,793.053,2033.19,0,
2016,52.669,797.039,1847.05,0,
2017,49.9237,789.7,2268.38,0,
2018,49.814,793.805,1991.28,0,
2019,43.7862,784.829,3027.63,0,
2020,52.1477,795.245,1906.54,0,
2021,51.3656,791.935,2100.24,0,
2022,50.8037,793.375,2004.08,0,
2023,51.4804,794.286,1954.78,0,
2024,52.0316,794.576,1941.79,0,
2025,51.6535,796.83,1814.21,0,
2026,50.8537,787.131,2325.26,0,
2027,52.2201,789.741,2188.76,0,
2028,42.295,785.01,3245.92,0,
2029,40.934,786.017,3574.05,0,
2030,51.914,793.17,2019.89,0,
2031,57.06,797.685,1919.84,0,
2032,49.0125,790.382,2265.79,0,
2033,51.1523,790.145,2194.49,0,
2034,48.0234,789.779,2376.89,0,
2035,48.6476,789.848,2329.02,0,
2036,51.8092,790.231,2177.23,0,
2037,53.2729,794.682,1945.87,0,
2038,50.9152,789.676,2231.7,0,
2039,52.0141,790.88,2148.74,0,
2040,50.3736,789.031,2277.91,0,
2041,51.2333,789.149,2241.88,0,
2042,53.4001,789.493,2170.65,0,
2043,54.6541,788.697,2177.05,0,
2044,52.1818,788.592,2235.84,0,
2045,53.824,792.905,2039.3,0,
2046,51.9442,792.421,2060.9,0,
2047,52.7428,794.153,1964.56,0,
2048,52.8959,795.382,1914.18,0,
2049,52.8373,789.873,2167.39,0,
2050,56.3373,795.275,1960.8,0,
2051,53.6712,796.271,1896.61,0,
2052,51.9935,796.378,1846.49,0,
2053,56.8259,795.822,1951.58,0,
2054,53.6818,799.276,1852.69,0,
2055,53.0638,796.007,1890.55,0,
2056,53.6481,796.997,1879.16,0,
2057,54.1746,797.335,1884.98,0,
2058,53.4372,798.292,1851.64,0,
2059,52.9886,797.888,1842.38,0,
2060,52.4272,797.952,1819.59,0,
2061,52.0393,798.361,1792.73,0,
2062,50.9387,797.441,1762.79,0,
2063,50.7778,796.43,1796.21,0,
2064,51.822,797.327,1805.64,0,
2065,51.0608,795.768,1841.02,0,
2066,51.7366,795.755,1864.45,0,
2067,55.5005,796.163,1932.56,0,
2068,54.3485,799.276,1865.89,0,
2069,56.1895,793.002,2026.35,0,
2070,56.0207,796.636,1928.43,0,
2071,54.1123,798.021,1873.15,0,
2072,54.7722,797.061,1902.77,0,
2073,54.7984,798.961,1879.19,0,
2074,54.7014,798.343,1883.02,0,
2075,55.4502,799.235,1888.72,0,
2076,56.551,799.16,1903.67,0,
2077,55.2685,797.412,1904.94,0,
2078,54.2834,795.945,1920.35,0,
2079,54.858,796.397,1918.52,0,
2080,53.928,794.632,1959.26,0,
2081,57.4396,795.683,1956.51,0,
2082,54.4033,795.274,1946.25,0,
2083,55.1259,795.013,1959.39,0,
2084,45.4471,787.649,2755.57,0,
2085,51.8814,789.129,2222.03,0,
2086,50.8403,788.8,2272.21,0,
2087,49.8633,788.772,2302.5,0,
2088,55.5588,793.332,2017.73,0,
2089,53.0567,790.505,2143.01,0,
2090,52.6445,791.023,2128.19,0,
2091,52.6922,793.504,2006.69,0,
2092,55.0479,793.035,2028.37,0,
2093,56.0009,798.844,1898.3,0,
2094,48.4808,788.776,2404.17,0,
2095,47.5419,790.19,2382.04,0,
2096,46.2844,788.929,2572.4,0,
2097,47.8834,789.138,2420.51,0,
2098,47.3808,787.287,2553.95,0,
2099,49.6352,787.729,2374.6,0,
2100,56.3234,787.033,2185.98,0,
2101,52.9424,787.791,2235.85,0,
2102,54.1099,792.168,2064.13,0,
2103,52.9699,791.651,2093.25,0,
2104,55.9076,798.236,1902.54,0,
2105,57.667,799.217,1909.04,0,
2106,54.7704,790.994,2104.93,0,
2107,57.6778,795.093,1969.51,0,
2108,46.2049,787.783,2655.86,0,
2109,47.3643,788.95,2481.68,0,
2110,48.2996,785.261,2510.46,0,
2111,47.8247,786.835,2524.12,0,
2112,46.5025,788.333,2583.53,0,
2113,47.1285,785.867,2611.95,0,
2114,48.8673,787.649,2431.02,0,
2115,47.6224,787.941,2508.04,0,
2116,48.5495,786.983,2472.18,0,
2117,48.3841,788.155,2447.35,0,
2118,48.3355,785.896,2506.37,0,
2119,48.8595,786.386,2462.3,0,
2120,52.2983,785.553,2294.87,0,
2121,51.83,787.976,2263.37,0,
2122,52.3421,787.504,2259.54,0,
2123,51.1548,787.858,2295.13,0,
2124,53.4279,787.577,2225.85,0,
2125,49.6083,786.354,2409.33,0,
2126,50.0662,787.031,2369.48,0,
2127,53.6527,786.099,2248.11,0,
2128,54.8464,789.286,2155.35,0,
2129,50.4847,785.064,2367.48,0,
2130,51.3931,786.6,2311.82,0,
2131,53.4165,788.863,2195.62,0,
2132,53.6893,790.536,2133.67,0,
2133,55.5037,789.423,2145.72,0,
2134,53.9453,789.927,2149.2,0,
2135,55.9762,788.96,2152.44,0,
2136,56.1943,790.351,2116.92,0,
2137,56.1679,792.474,2049.04,0,
2138,55.1549,788.107,2181.81,0,
2139,55.8196,788.232,2169.23,0,
2140,53.9494,787.888,2209.94,0,
2141,56.3477,787.74,2173.55,0,
2142,57.7008,789.045,2135.19,0,
2143,57.7621,796.14,1948.51,0,
2144,56.3,797.743,1912.54,0,
2145,57.271,796.998,1932.61,0,
2146,55.6485,795.45,1950.88,0,
2147,57.6551,794.044,1998.32,0,
2148,55.631,793.973,1998.6,0,
2149,57.2909,793.423,2014.16,0,
2150,57.3325,794.586,1982.6,0,
2151,57.7621,796.807,1940.54,0,
2152,56.6574,796.471,1937.51,0,
2153,56.6056,794.629,1980.08,0,
2154,55.5985,791.635,2071.04,0,
2155,56.2805,794.09,1997.01,0,
2156,56.6432,793.427,2012.47,0,
2157,54.3827,794.039,1985.93,0,
2158,57.6363,792.929,2031.83,0,
2159,54.3605,793.377,2017.74,0,
2160,53.1404,792.968,2036.32,0,
2161,54.0259,791.036,2109.03,0,
2162,49.9965,788.266,2324.49,0,
2163,50.7286,788.295,2297.18,0,
2164,50.4073,789.528,2259.24,0,
2165,49.5097,789.144,2305.35,0,
2166,52.2064,786.855,2279.61,0,
2167,49.8657,785.78,2397.17,0,
2168,56.6561,785.065,2202.78,0,
2169,57.1408,787.935,2165.49,0,
2170,56.5673,789.124,2142.46,0,
2171,55.0015,790.413,2125.89,0,
2172,54.7139,792.075,2064.66,0,
2173,56.7,789.799,2127.36,0,
2174,55.6046,792.239,2056.61,0,
2175,49.8804,784.799,2392.34,0,
2176,50.5402,785.667,2365.04,0,
2177,51.9865,784.762,2308.47,0,
2178,53.3394,786.622,2249.21,0,
2179,57.2038,788.59,2147.67,0,
2180,57.3365,789.849,2122.78,0,
2181,57.6361,790.604,2105.9,0,
2182,57.1943,791.921,2067.66,0,
2183,49.4456,785.177,2417.46,0,
2184,50.9483,784.815,2345.29,0,
2185,51.497,785.026,2323.3,0,
2186,51.2017,785.941,2330.94,0,
2187,53.0101,784.818,2277.96,0,
2188,52.465,785.029,2293.74,0,
2189,51.6949,785.55,2316.32,0,
2190,52.708,786.465,2267.82,0,
2191,52.6823,785.875,2274.75,0,
2192,53.463,785.153,2262.3,0,
2193,53.3018,785.687,2261.69,0,
2194,55.5088,784.783,2212.03,0,
2195,54.1402,787.05,2220.59,0,
2196,54.2815,786.092,2233.52,0,
2197,54.3366,787.539,2209.91,0,
2198,54.5459,785.412,2232.48,0,
2199,56.4993,785.653,2200.94,0,
2200,53.5905,787.046,2231.85,0,
2201,54.5179,786.619,2220.06,0,
2202,54.024,788.493,2194.16,0,
2203,52.8564,788.473,2222.35,0,
2204,55.083,786.911,2206.16,0,
2205,54.9119,787.554,2199.26,0,
2206,54.0782,784.885,2247.34,0,
2207,55.6952,786.637,2199.23,0,
2208,57.6379,787.223,2175.35,0,
2209,56.3889,790.976,2094.11,0,
2210,57.1942,791.179,2089.16,0,
2211,56.0839,791.482,2076.46,0,
2212,56.5251,792.064,2064.35,0,
2213,55.1154,792.47,2049.82,0,
2214,55.0671,791.499,2080.13,0,
2215,55.8197,785.898,2205.6,0,
2216,57.1165,786.644,2185.25,0,
2217,55.2473,785.31,2216.67,0,
2218,57.6894,785.415,2197.23,0,
2219,56.238,784.783,2207.4,0,
2220,57.3248,784.831,2200.0,0,
2221,57.168,786.003,2194.46,0,
2222,49.273,795.158,1828.7,0,
2223,49.7404,796.137,1769.64,0,
2224,6.373,793.91,2189.06,1,
2225,6.49078,792.634,2700.43,1,
2226,5.69692,794.235,2027.61,1,
2227,6.35197,793.129,2518.1,1,
2228,4.91409,793.737,2224.28,1,
2229,5.92013,793.138,2508.05,1,
2230,5.9117,794.692,1851.12,1,
2231,5.0836,794.705,1863.98,1,
2232,5.19799,793.345,2398.17,1,
2233,5.20922,792.844,2603.1,1,
2234,6.46229,794.795,1805.89,1,
2235,6.21582,795.762,1405.19,1,
2236,5.15998,791.718,3097.91,1,
2237,5.87263,791.799,3099.79,1,
2238,6.03428,792.378,2814.25,1,
2239,6.9281,791.472,3376.24,1,
2240,7.84942,791.921,3200.98,1,
2241,7.21737,790.904,3618.95,1,
2242,2.74157,789.464,2796.21,0,
2243,4.039,789.611,3143.42,0,
2244,2.51104,788.924,2744.67,0,
2245,3.33617,788.207,2974.1,0,
2246,1.96853,788.736,2623.66,0,
2247,1.70893,787.737,2590.99,0,
2248,2.49135,787.958,2742.48,0,
2249,2.0164,788.151,2651.59,0,
2250,20.0062,790.715,4962.58,1,
2251,19.9765,793.746,3826.78,1,
2252,-1.4039,793.226,1712.28,0,
2253,-1.98905,792.303,1712.84,0,
2254,5.12756,790.43,3556.66,1,
2255,6.47391,789.54,3982.39,1,
2256,4.50379,789.487,3348.87,0,
2257,5.9508,789.779,3817.21,1,
2258,4.27298,788.42,3255.55,0,
2259,5.22685,788.1,3548.02,0,
2260,8.6061,785.258,4642.66,0,
2261,11.4726,785.005,5650.54,0,
2262,10.6322,786.093,5381.42,0,
2263,10.3872,784.879,5255.85,0,
2264,-1.9499,790.296,1838.74,0,
2265,-2.46947,791.326,1733.7,0,
2266,3.50237,787.472,3014.63,0,
2267,4.44777,787.828,3299.6,0,
2268,4.9122,787.729,3453.48,0,
2269,4.6608,788.823,3377.37,0,
2270,5.10936,787.308,3518.21,0,
2271,5.62019,787.859,3660.06,0,
2272,4.99058,786.728,3474.55,0,
2273,5.43879,786.491,3635.46,0,
2274,6.02796,788.066,3807.75,0,
2275,5.56049,788.925,3681.86,0,
2276,6.4406,787.691,3937.8,0,
2277,6.52135,788.927,4012.19,0,
2278,-5.25543,792.759,1432.51,0,
2279,-4.66081,794.058,1325.99,0,
2280,13.2081,788.561,5159.71,1,
2281,14.3637,788.549,5337.32,1,
2282,17.0504,789.892,5172.17,1,
2283,18.0537,790.246,5185.39,1,
2284,18.9002,789.428,5584.71,1,
2285,19.267,790.599,5046.95,1,
2286,20.5522,789.472,5705.11,1,
2287,18.9749,791.317,4809.26,1,
2288,19.4063,792.49,4348.92,1,
2289,18.0221,792.238,4577.98,1,
2290,20.6445,790.246,5184.43,1,
2291,19.493,791.799,4619.18,1,
2292,20.0155,792.957,4092.77,1,
2293,18.5649,793.557,4083.09,1,
2294,19.9191,789.119,5827.38,1,
2295,26.3012,791.689,3872.15,1,
2296,20.1444,791.499,4687.04,1,
2297,21.1939,793.839,3471.38,1,
2298,21.5089,790.701,4922.44,1,
2299,20.7539,791.907,4425.85,1,
2300,23.8248,790.989,4479.58,1,
2301,23.306,794.313,2825.64,1,
2302,21.48,791.577,4473.19,1,
2303,21.7006,794.363,3184.21,1,
2304,22.1736,792.157,4094.74,1,
2305,23.5937,793.214,3331.97,1,
2306,20.4141,788.189,6166.46,1,
2307,20.0008,788.491,6004.89,1,
2308,21.4268,794.964,3021.3,1,
2309,20.5775,794.134,3504.14,1,
2310,23.172,793.634,3147.96,1,
2311,24.6534,793.957,2774.01,1,
2312,20.3237,787.613,6403.24,0,
2313,22.8049,789.138,5714.27,1,
2314,22.4856,793.536,3329.26,1,
2315,23.7843,794.723,2558.83,1,
2316,22.0248,792.98,3731.21,1,
2317,23.5127,792.459,3717.7,1,
2318,23.5398,795.421,2353.83,1,
2319,22.7279,794.648,2810.76,1,
2320,23.0793,791.101,4481.56,1,
2321,25.0272,791.397,4136.07,1,
2322,22.9191,791.926,4092.05,1,
2323,24.6569,792.764,3420.68,1,
2324,22.6738,790.615,4900.22,1,
2325,24.1873,792.213,3733.81,1,
2326,21.1283,789.038,5947.98,1,
2327,30.9313,789.522,5054.68,1,
2328,25.6053,791.955,3785.26,1,
2329,25.4438,794.015,2691.0,1,
2330,20.709,787.27,6598.06,0,
2331,29.8932,787.385,6642.16,1,
2332,24.0332,790.366,4862.86,1,
2333,25.1648,790.699,4535.1,1,
2334,22.9277,788.585,6099.88,1,
2335,31.1418,790.866,4156.39,1,
2336,25.8022,790.477,4606.27,1,
2337,25.8519,793.359,2979.8,1,
2338,25.6541,794.832,2348.76,1,
2339,24.3773,794.603,2516.99,1,
2340,25.9043,789.74,5049.25,1,
2341,29.7702,791.817,3526.49,1,
2342,26.3605,790.909,4285.95,1,
2343,27.0457,792.752,3147.83,1,
2344,26.5585,787.181,6851.24,1,
2345,26.9791,790.61,4427.13,1,
2346,27.7481,784.79,7571.09,0,
2347,26.881,787.789,6388.07,1,
2348,28.6458,791.095,3969.72,1,
2349,27.5734,791.632,3803.91,1,
2350,30.1875,793.196,2902.33,1,
2351,27.5154,790.942,4165.8,1,
2352,28.475,793.458,2788.93,1,
2353,27.623,793.026,2959.52,1,
2354,28.1744,790.606,4295.66,1,
2355,28.2492,791.782,3672.86,1,
2356,28.7561,789.436,5164.6,1,
2357,30.5244,789.075,5425.23,1,
2358,17.2919,788.654,5716.37,1,
2359,18.7579,788.221,6014.94,1,
2360,-2.30047,788.264,1905.99,0,
2361,-2.64127,787.152,1909.31,0,
2362,-2.58275,789.2,1849.51,0,
2363,-4.43548,787.886,1735.89,0,
2364,-4.16102,790.103,1658.6,0,
2365,-3.75258,788.904,1752.28,0,
2366,-3.26283,787.872,1831.96,0,
2367,-3.2536,788.481,1812.76,0,
2368,-5.77757,788.216,1647.89,0,
2369,-5.0934,787.618,1695.61,0,
2370,-6.40873,787.901,1623.8,0,
2371,-5.86762,786.709,1669.74,0,
2372,-7.60296,787.713,1579.49,0,
2373,-8.72673,787.382,1553.73,0,
2374,-6.82852,786.81,1626.53,0,
2375,-3.65391,785.371,1842.2,0,
2376,-7.32776,789.007,1550.62,0,
2377,-7.39542,787.011,1599.58,0,
2378,-9.10959,789.875,1480.88,0,
2379,-8.5048,788.607,1531.74,0,
2380,-8.41144,789.833,1495.29,0,
2381,-4.75802,786.2,1748.23,0,
2382,-3.02963,785.379,1915.8,0,
2383,-6.69181,785.171,1638.08,0,
2384,-4.7199,784.859,1769.89,0,
2385,-8.08998,789.165,1525.71,0,
2386,-10.2242,788.593,1505.83,0,
2387,-9.13143,788.74,1514.92,0,
2388,-11.6358,784.883,1540.86,0,
2389,-8.04163,790.475,1479.74,0,
2390,-9.41476,789.34,1494.28,0,
2391,-8.26394,791.88,1408.14,0,
2392,-10.1194,790.472,1444.74,0,
2393,-9.55706,788.269,1518.99,0,
2394,-11.6441,788.849,1487.52,0,
2395,-11.341,788.322,1504.39,0,
2396,-9.39338,787.603,1536.4,0,
2397,-8.26378,787.915,1554.86,0,
2398,-11.1887,786.846,1524.43,0,
2399,-8.79627,785.315,1571.83,0,
2400,-9.67256,791.427,1411.63,0,
2401,-9.64406,792.07,1381.16,0,
2402,-7.81506,786.446,1593.09,0,
2403,-9.90817,787.071,1536.66,0,
2404,-9.17891,790.999,1435.16,0,
2405,-10.3735,793.177,1324.1,0,
2406,-8.48944,791.104,1440.71,0,
2407,-8.9249,792.419,1371.49,0,
2408,-10.3267,792.432,1360.87,0,
2409,-10.2779,791.089,1419.11,0,
2410,-8.92258,793.201,1326.43,0,
2411,-10.5847,795.989,1196.86,0,
2412,-10.1339,789.27,1487.25,0,
2413,-11.259,789.947,1454.34,0,
2414,-11.7167,785.881,1537.86,0,
2415,-10.5389,787.328,1524.14,0,
2416,-10.8557,792.039,1378.11,0,
2417,-11.6153,790.615,1430.5,0,
2418,-11.1578,793.571,1305.94,0,
2419,-11.7451,791.569,1389.65,0,
2420,-11.36,791.115,1407.05,0,
2421,-11.6441,789.47,1470.84,0,
2422,-8.95628,786.083,1563.8,0,
2423,-7.67197,785.236,1607.22,0,
2424,-10.6912,788.184,1511.43,0,
2425,-11.6973,787.438,1514.38,0,
2426,-9.87918,785.179,1553.04,0,
2427,-10.6617,785.853,1542.33,0,
2428,-10.1447,795.482,1218.51,0,
2429,-9.71225,786.32,1549.54,0,
2430,-8.18368,784.963,1589.43,0,
2431,-9.3317,784.902,1562.41,0,
2432,-5.75303,785.419,1687.38,0,
2433,-7.52609,785.836,1609.84,0,
2434,-7.11365,784.823,1622.58,0,
2435,-6.10975,784.898,1662.54,0,
2436,-6.05716,786.101,1665.75,0,
2437,-11.208,786.198,1534.86,0,
2438,-11.3521,785.261,1540.86,0,
2439,-10.8058,785.204,1543.88,0,
2440,-11.6926,793.246,1327.75,0,
2441,-9.68853,793.597,1306.24,0,
2442,-11.1244,794.408,1266.88,0,
2443,4.13993,786.035,3177.18,0,
2444,3.84978,784.858,3117.7,0,
2445,4.38975,785.322,3242.87,0,
2446,-7.47605,797.955,1057.96,0,
2447,-8.59947,796.887,1143.32,0,
2448,-10.7119,798.55,1130.87,0,
2449,-11.3809,799.694,1129.21,0,
2450,-0.697586,796.637,1258.5,1,
2451,-1.65455,795.797,1289.87,1,
2452,28.8492,795.205,2173.12,1,
2453,27.7581,795.345,2012.65,1,
2454,28.0451,793.86,2653.52,1,
2455,28.1871,792.908,2999.71,1,
2456,27.5625,793.632,2763.47,1,
2457,28.5209,792.37,3281.93,1,
2458,26.9896,793.891,2668.4,1,
2459,26.5523,793.347,2926.45,1,
2460,29.2708,792.427,3232.1,1,
2461,29.5438,793.11,2935.83,1,
2462,29.1971,794.19,2461.19,1,
2463,29.0817,793.602,2715.61,1,
2464,29.4168,791.073,3965.0,1,
2465,30.6486,792.688,3104.16,1,
2466,29.8341,790.374,4472.04,1,
2467,30.5043,791.993,3433.34,1,
2468,27.4038,789.033,5459.66,1,
2469,32.4535,788.414,6071.15,1,
2470,29.9186,789.084,5407.75,1,
2471,31.6852,789.362,5236.53,1,
2472,27.545,789.653,5038.67,1,
2473,30.5206,788.514,5831.97,1,
2474,32.2864,791.412,3899.05,1,
2475,30.6721,790.32,4545.5,1,
2476,29.4876,789.585,5000.16,1,
2477,29.5929,788.07,6230.89,1,
2478,28.1758,789.942,4812.15,1,
2479,28.5274,788.673,5712.9,1,
2480,27.0073,789.985,4859.04,1,
2481,28.5017,786.434,7164.89,1,
2482,28.9339,788.081,6190.2,1,
2483,28.9315,786.852,6969.49,1,
2484,32.9989,787.373,6189.18,1,
2485,31.4441,788.059,6218.59,1,
2486,33.2346,789.227,5490.14,1,
2487,32.6603,786.048,6267.02,0,
2488,27.8864,786.788,7106.59,1,
2489,33.8778,786.318,5871.18,0,
2490,33.956,789.347,5468.92,1,
2491,34.1404,790.035,5086.01,1,
2492,32.9508,789.921,5039.86,1,
2493,32.4164,787.634,6366.1,1,
2494,35.7004,788.364,5363.27,0,
2495,28.6281,787.486,6609.98,1,
2496,27.5626,787.879,6290.26,1,
2497,36.1314,785.213,5039.41,0,
2498,34.0214,788.077,5876.8,1,
2499,34.3205,788.838,5843.01,1,
2500,33.4233,787.99,6078.53,1,
2501,33.1458,786.628,6124.78,0,
2502,34.4592,787.58,5716.83,0,
2503,37.1781,785.248,4708.82,0,
2504,36.655,784.879,4871.31,0,
2505,34.4337,786.793,5674.24,0,
2506,35.6016,784.884,5204.21,0,
2507,35.8662,786.662,5168.76,0,
2508,27.9783,787.398,6668.19,1,
2509,26.4505,788.391,6027.89,1,
2510,25.5763,787.653,6524.21,1,
2511,29.0751,785.335,7338.11,1,
2512,29.5375,786.763,6971.93,1,
2513,33.001,788.631,5965.45,1,
2514,31.8634,787.422,6517.01,1,
2515,31.6056,786.7,6576.54,1,
2516,27.8059,788.559,5818.57,1,
2517,26.4908,789.547,5153.22,1,
2518,24.169,789.265,5480.56,1,
2519,25.4989,786.546,7130.5,1,
2520,26.73,788.954,5542.66,1,
2521,24.9002,787.609,6550.12,1,
2522,25.874,787.161,6870.5,1,
2523,26.8287,786.651,7240.1,1,
2524,26.4558,786.094,7431.56,1,
2525,24.7648,789.598,5251.43,1,
2526,21.2814,787.455,6552.07,0,
2527,24.7844,785.001,7751.0,1,
2528,24.9813,786.58,7093.88,1,
2529,23.7141,786.917,6976.38,1,
2530,28.1268,785.053,7516.18,1,
2531,30.5411,787.363,6651.14,1,
2532,30.1273,784.888,6997.89,0,
2533,32.8149,785.283,6207.8,0,
2534,33.9375,785.414,5823.43,0,
2535,32.2987,784.874,6348.84,0,
2536,33.3601,784.959,6012.55,0,
2537,28.5428,785.882,7424.67,1,
2538,30.5354,786.057,6894.01,1,
2539,30.8808,786.662,6752.95,1,
2540,31.2147,784.993,6674.55,0,
2541,29.8402,786.137,7048.82,1,
2542,29.6258,785.411,7137.41,1,
2543,30.6857,785.331,6861.08,0,
2544,31.9733,786.081,6460.06,0,
2545,31.7633,785.316,6493.08,0,
2546,27.9591,785.599,7532.21,1,
2547,28.8474,784.813,7426.61,0,
2548,27.458,785.872,7544.66,1,
2549,26.623,785.109,7682.04,1,
2550,27.4265,786.509,7315.22,1,
2551,25.8106,786.009,7428.99,1,
2552,25.4822,785.321,7737.82,1,
2553,27.019,784.79,7626.36,0,
2554,26.8651,785.646,7640.34,1,
2555,25.8853,784.87,7730.55,1,
2556,32.1358,795.542,2086.6,1,
2557,32.4086,794.555,2445.84,1,
2558,33.3981,794.434,2683.21,1,
2559,33.6346,793.431,3089.26,1,
2560,32.9918,794.806,2418.94,1,
2561,32.2156,793.99,2638.01,1,
2562,33.6722,792.809,3346.44,1,
2563,34.5814,793.369,3335.6,1,
2564,30.3168,794.336,2434.9,1,
2565,31.225,793.6,2772.37,1,
2566,35.9554,789.271,5358.17,1,
2567,35.8624,787.833,5270.04,0,
2568,35.299,789.379,5556.31,1,
2569,35.2066,788.369,5545.92,1,
2570,38.2573,786.12,4360.1,0,
2571,37.0908,785.934,4737.88,0,
2572,37.6218,786.414,4584.39,0,
2573,36.1295,785.793,5048.19,0,
2574,35.7427,786.096,5181.64,0,
2575,34.515,785.005,5594.4,0,
2576,35.0853,785.339,5374.39,0,
2577,37.4269,787.171,4664.05,0,
2578,36.5657,786.145,4926.72,0,
2579,44.4582,785.18,2952.4,0,
2580,43.3869,786.413,3066.86,0,
2581,46.0394,785.159,2732.52,0,
2582,46.6608,787.17,2631.42,0,
2583,45.4703,784.85,2798.16,0,
2584,44.6534,786.078,2903.28,0,
2585,46.0754,785.707,2727.44,0,
2586,44.6385,786.679,2896.89,0,
2587,44.0722,786.906,2989.06,0,
2588,45.1502,785.799,2847.69,0,
2589,45.0485,785.202,2865.36,0,
2590,46.5382,784.859,2673.4,0,
2591,47.116,785.192,2615.54,0,
2592,46.5867,786.082,2674.8,0,
2593,48.8155,784.928,2463.52,0,
2594,47.6891,786.194,2547.07,0,
2595,47.6406,784.883,2562.46,0,
2596,43.8986,787.497,3005.93,0,
2597,42.8599,786.784,3168.78,0,
2598,40.6395,785.312,3625.47,0,
2599,41.8162,785.332,3393.46,0,
2600,55.2599,798.008,1896.81,0,
2601,55.8744,797.221,1915.28,0,
2602,57.5511,798.16,1914.44,0,
2603,57.2177,798.826,1909.04,0,
2604,45.2631,786.958,2801.4,0,
2605,45.7357,786.553,2754.09,0,
2606,57.6363,792.263,2049.66,0,
2607,54.513,789.845,2143.44,0,
2608,55.5891,790.139,2129.47,0,
2609,19.5653,788.269,6059.07,1,
2610,19.8089,787.449,6452.47,0,
2611,19.1906,788.544,5935.29,1,
2612,18.9206,787.729,6262.97,1,
2613,19.3591,789.123,5782.79,1,
2614,18.2936,789.042,5658.16,1,
2615,19.6902,786.952,6706.58,0,
2616,19.7626,785.98,7191.74,1,
2617,19.1592,786.792,6760.0,0,
2618,19.8122,785.337,7623.74,1,
2619,21.8861,784.832,7815.67,1,
2620,23.3784,787.501,6639.05,1,
2621,21.0666,785.27,7816.07,1,
2622,21.8843,788.307,6224.47,1,
2623,23.6828,785.481,7640.13,1,
2624,21.4268,785.885,7456.85,1,
2625,21.6342,786.982,6806.38,1,
2626,23.5451,788.205,6258.17,1,
2627,21.1721,786.399,7032.66,1,
2628,22.605,785.204,7747.45,1,
2629,22.4074,788.116,6347.31,1,
2630,22.6315,787.499,6611.59,1,
2631,24.1355,788.523,5972.92,1,
2632,22.7858,790.088,5202.17,1,
2633,23.3543,784.922,7712.58,1,
2634,22.6169,786.322,7199.19,1,
2635,24.3837,785.56,7619.12,1,
2636,24.559,786.283,7235.99,1,
2637,23.3143,786.266,7246.75,1,
2638,24.7326,788.213,6146.24,1,
2639,25.3479,788.668,5896.22,1,
2640,24.6851,790.249,4877.87,1,
2641,23.6925,789.745,5241.22,1,
2642,22.0652,790.417,5047.42,1,
2643,22.1401,789.391,5643.5,1,
2644,21.3904,787.992,6301.98,1,
2645,21.7398,789.029,5930.89,1,
2646,-4.38606,788.681,1714.16,0,
2647,-3.62971,789.619,1731.47,0,
2648,-3.99073,784.859,1805.68,0,
2649,-6.36303,787.166,1639.89,0,
2650,-6.63258,786.179,1640.46,0,
2651,-11.6592,795.416,1222.2,0,
2652,-9.53907,795.62,1208.11,0,
2653,-10.3371,794.754,1251.24,0,
2654,-10.3604,784.826,1548.46,0,
2655,-10.0997,785.828,1548.3,0,
2656,-0.760695,795.399,1449.01,1,
2657,-1.01919,796.054,1329.82,1,
2658,31.0547,791.581,3718.33,1,
2659,31.9608,790.742,4279.66,1,
2660,30.8467,788.039,6253.37,1,
2661,29.9149,788.523,5820.11,1,
2662,35.4734,787.482,5382.46,0,
2663,36.365,786.716,4999.82,0,
2664,35.0011,786.521,5443.03,0,
2665,35.2283,785.971,5331.86,0,
2666,25.3466,789.311,5398.66,1,
2667,25.8303,788.274,6154.29,1,
2668,24.6802,787.152,6916.57,1,
2669,24.2579,786.855,7042.34,1,
2670,46.3757,786.63,2686.29,0,
2671,45.608,785.995,2775.93,0,
2672,22.236,785.819,7527.27,1,
2673,22.2697,786.971,6857.62,1,
2674,23.1395,789.676,5393.98,1,
2675,22.1772,789.891,5314.49,1,
2676,0.0658681,796.637,1418.88,1,
2677,1.15961,795.906,1522.26,1,
2678,8.11058,784.83,4493.84,0,
2679,8.35582,786.018,4580.65,0,
2680,52.6776,792.25,2063.36,0,
2681,53.7186,791.633,2088.72,0,
2682,-4.04875,786.191,1807.26,0,
2683,-5.09236,785.381,1734.81,0,
